Amount,Payment_Method,Failure_Reason,Customer_Age,Customer_Type,Previous_Successful_Payments,Previous_Failed_Payments,Retry_Count,Device_Type,Location,Hour,Transaction_ID,Actual_Outcome,Predicted_Outcome,Recovery_Probability
341.05,UPI,Incorrect Details,44,Regular,9,0,0,Android,Pune,18,TX143546,Recovered,Recovered,86.0
320.02,UPI,Bank Error,48,Premium,4,3,2,Android,Delhi,16,TX133223,Not Recovered,Not Recovered,28.0
582.52,Debit Card,Network Error,48,Regular,4,2,0,iOS,Jaipur,16,TX101708,Recovered,Recovered,67.5
792.78,UPI,Card Expired,59,New,7,1,1,Android,Chennai,2,TX149679,Recovered,Recovered,66.0
518.58,Credit Card,Bank Error,34,Regular,10,2,1,Android,Bangalore,22,TX127965,Recovered,Recovered,82.0
771.97,UPI,Card Expired,35,New,2,0,2,Android,Mumbai,16,TX120022,Not Recovered,Not Recovered,33.0
754.62,Credit Card,Network Error,49,New,2,2,3,Android,Pune,6,TX131705,Recovered,Not Recovered,20.5
1093.21,UPI,Card Expired,47,Regular,10,3,2,Android,Pune,3,TX103726,Not Recovered,Recovered,69.0
427.24,UPI,Network Error,46,New,9,1,1,Android,Delhi,18,TX134881,Recovered,Recovered,77.5
328.91,Wallet,Transaction Timeout,26,Regular,6,1,1,iOS,Chennai,2,TX148769,Recovered,Recovered,62.5
3782.65,UPI,Incorrect Details,59,Premium,6,4,3,Web,Pune,3,TX133593,Recovered,Not Recovered,40.5
944.21,Credit Card,Limit Exceeded,22,Regular,8,1,2,iOS,Delhi,16,TX148569,Recovered,Recovered,80.0
205.97,Debit Card,Network Error,31,Regular,5,1,0,Android,Mumbai,5,TX118664,Not Recovered,Recovered,55.5
539.34,Debit Card,Card Expired,43,Premium,8,3,0,iOS,Mumbai,22,TX143312,Recovered,Recovered,76.0
243.04,UPI,Network Error,29,Regular,10,1,1,Web,Chennai,2,TX122284,Recovered,Recovered,84.0
740.4,UPI,Network Error,56,New,7,4,0,Web,Bangalore,3,TX116843,Recovered,Not Recovered,49.0
330.29,UPI,Limit Exceeded,57,Regular,13,2,1,Android,Nagpur,4,TX126335,Recovered,Recovered,78.5
329.76,Net Banking,Transaction Timeout,54,Regular,6,4,1,iOS,Hyderabad,16,TX144116,Recovered,Recovered,57.0
4364.43,UPI,Transaction Timeout,37,Regular,5,0,3,Android,Bangalore,2,TX139776,Not Recovered,Recovered,51.5
255.26,Net Banking,Limit Exceeded,54,Regular,6,0,2,Android,Delhi,11,TX144014,Not Recovered,Recovered,74.0
1419.05,Net Banking,Network Error,44,Regular,9,2,3,iOS,Hyderabad,2,TX130618,Recovered,Recovered,63.5
1114.41,UPI,Transaction Timeout,45,Regular,8,2,1,iOS,Kolkata,13,TX129913,Recovered,Recovered,73.5
938.58,Debit Card,Limit Exceeded,56,New,6,1,1,iOS,Jaipur,20,TX146933,Recovered,Recovered,65.5
4990.42,UPI,Card Expired,19,Regular,5,4,1,Android,Chennai,2,TX103968,Not Recovered,Not Recovered,46.0
851.91,UPI,Transaction Timeout,31,Regular,6,3,1,Android,Pune,0,TX106932,Not Recovered,Not Recovered,34.5
151.53,Wallet,Limit Exceeded,52,Regular,3,2,3,Web,Ahmedabad,10,TX129325,Not Recovered,Not Recovered,36.0
177.12,UPI,Insufficient Funds,23,New,8,1,2,iOS,Hyderabad,6,TX146805,Recovered,Recovered,63.0
243.71,Wallet,Bank Error,25,New,7,2,0,Web,Mumbai,17,TX135373,Recovered,Recovered,59.0
632.28,Debit Card,Limit Exceeded,40,Regular,4,2,3,Web,Ahmedabad,6,TX141854,Not Recovered,Not Recovered,30.5
354.09,Wallet,Transaction Timeout,53,New,6,1,0,Web,Pune,11,TX107960,Not Recovered,Recovered,54.5
365.79,UPI,Transaction Timeout,55,Regular,6,3,1,Android,Nagpur,6,TX125105,Not Recovered,Recovered,60.5
1381.6,Credit Card,Network Error,55,Regular,7,1,2,Android,Bangalore,17,TX133393,Recovered,Recovered,54.5
928.78,UPI,Limit Exceeded,56,Regular,5,1,1,iOS,Nagpur,6,TX146804,Recovered,Recovered,55.5
982.25,Debit Card,Incorrect Details,30,Regular,2,3,2,iOS,Nagpur,12,TX118194,Recovered,Not Recovered,31.0
419.07,Net Banking,Bank Error,18,Regular,11,2,2,iOS,Hyderabad,10,TX141291,Recovered,Recovered,67.0
7305.63,Net Banking,Limit Exceeded,49,Premium,11,3,3,iOS,Delhi,0,TX147029,Recovered,Recovered,69.0
2911.84,UPI,Transaction Timeout,29,Regular,5,1,1,iOS,Bangalore,16,TX101048,Recovered,Recovered,58.0
1438.99,Credit Card,Transaction Timeout,57,New,10,1,1,Web,Ahmedabad,20,TX101060,Recovered,Recovered,72.5
512.99,Credit Card,Insufficient Funds,44,New,10,1,0,Android,Pune,6,TX119245,Recovered,Recovered,75.5
910.13,UPI,Bank Error,34,New,7,2,3,Web,Pune,21,TX134066,Recovered,Not Recovered,47.5
1467.64,Debit Card,Transaction Timeout,52,Regular,7,1,2,Android,Hyderabad,1,TX131853,Recovered,Recovered,52.0
204.8,Wallet,Bank Error,21,New,9,2,2,iOS,Kolkata,5,TX133848,Recovered,Recovered,70.5
242.97,UPI,Incorrect Details,31,New,9,2,3,Android,Hyderabad,13,TX128263,Recovered,Recovered,71.0
878.71,Wallet,Card Expired,19,Premium,5,0,3,Android,Kolkata,18,TX118544,Recovered,Not Recovered,37.5
167.07,UPI,Network Error,37,New,6,1,3,Android,Nagpur,22,TX105854,Recovered,Not Recovered,47.0
362.86,Credit Card,Network Error,38,New,6,1,3,Android,Chennai,10,TX111586,Not Recovered,Not Recovered,36.5
1333.29,Net Banking,Limit Exceeded,59,Regular,5,1,0,Android,Jaipur,17,TX103444,Not Recovered,Recovered,62.0
850.47,Credit Card,Incorrect Details,46,Regular,3,2,3,iOS,Hyderabad,23,TX120379,Not Recovered,Not Recovered,29.5
953.01,UPI,Bank Error,42,New,5,3,1,Android,Delhi,11,TX135353,Not Recovered,Not Recovered,29.5
496.95,Credit Card,Network Error,56,Regular,2,1,2,iOS,Jaipur,3,TX131613,Not Recovered,Not Recovered,34.5
478.57,Net Banking,Transaction Timeout,46,Regular,5,2,0,Android,Hyderabad,19,TX120942,Not Recovered,Recovered,57.0
1516.49,UPI,Limit Exceeded,39,Premium,15,2,1,iOS,Jaipur,4,TX116022,Recovered,Recovered,73.0
425.86,Credit Card,Network Error,19,New,7,2,2,Android,Kolkata,13,TX137423,Recovered,Recovered,54.5
2809.41,UPI,Bank Error,57,Regular,19,1,3,Android,Nagpur,19,TX133894,Recovered,Recovered,73.0
414.85,Credit Card,Insufficient Funds,29,Premium,5,0,1,Android,Nagpur,10,TX134770,Not Recovered,Recovered,57.5
654.37,Credit Card,Card Expired,27,Regular,7,2,3,Android,Kolkata,6,TX144493,Recovered,Recovered,51.0
648.53,Net Banking,Limit Exceeded,26,Regular,10,1,1,iOS,Delhi,9,TX133862,Recovered,Recovered,90.0
186.2,Credit Card,Network Error,54,Regular,5,0,2,iOS,Hyderabad,15,TX141637,Not Recovered,Not Recovered,42.0
1418.72,Debit Card,Insufficient Funds,58,Regular,9,3,0,iOS,Jaipur,15,TX100467,Not Recovered,Recovered,77.0
294.04,Net Banking,Bank Error,54,Regular,5,5,1,Android,Ahmedabad,18,TX143956,Not Recovered,Not Recovered,49.0
1114.77,UPI,Network Error,43,Regular,9,4,3,Android,Pune,20,TX124576,Not Recovered,Not Recovered,49.5
239.14,UPI,Insufficient Funds,28,New,13,1,0,Android,Kolkata,0,TX125414,Recovered,Recovered,90.5
263.87,Wallet,Transaction Timeout,47,New,5,3,2,Web,Pune,18,TX122012,Recovered,Not Recovered,39.5
1146.63,UPI,Incorrect Details,37,Regular,11,2,0,Android,Chennai,6,TX107859,Recovered,Recovered,80.5
1318.99,UPI,Network Error,19,Premium,11,1,3,Web,Jaipur,17,TX122088,Recovered,Recovered,82.5
526.54,Debit Card,Limit Exceeded,31,Regular,6,2,0,Web,Jaipur,11,TX120748,Not Recovered,Recovered,66.5
711.37,UPI,Incorrect Details,27,Regular,11,2,1,Android,Pune,7,TX123458,Recovered,Recovered,78.5
379.11,Debit Card,Bank Error,59,Regular,1,4,0,Android,Hyderabad,17,TX101876,Not Recovered,Not Recovered,38.5
270.25,Credit Card,Limit Exceeded,51,Regular,8,2,2,iOS,Hyderabad,23,TX127554,Not Recovered,Recovered,65.5
407.83,UPI,Network Error,48,Premium,5,3,1,Android,Mumbai,14,TX108053,Not Recovered,Recovered,50.0
694.69,Net Banking,Bank Error,22,New,5,0,3,Android,Chennai,2,TX133918,Not Recovered,Not Recovered,42.5
857.21,Credit Card,Limit Exceeded,33,Regular,4,2,0,Web,Delhi,8,TX111910,Recovered,Not Recovered,46.5
501.19,Wallet,Insufficient Funds,52,Regular,6,1,2,Android,Delhi,17,TX125061,Recovered,Recovered,56.5
503.38,Debit Card,Incorrect Details,20,New,4,3,0,iOS,Ahmedabad,3,TX111893,Not Recovered,Not Recovered,42.0
140.52,Net Banking,Card Expired,27,Regular,6,1,0,Web,Jaipur,21,TX129530,Recovered,Recovered,57.0
281.97,UPI,Card Expired,28,New,4,1,0,Android,Hyderabad,11,TX110104,Not Recovered,Recovered,54.5
429.87,UPI,Card Expired,31,Premium,9,4,1,Web,Ahmedabad,9,TX109026,Recovered,Recovered,59.0
206.35,Credit Card,Card Expired,23,Regular,3,1,1,Android,Chennai,9,TX119586,Not Recovered,Not Recovered,41.0
792.7,Net Banking,Transaction Timeout,43,New,4,1,0,Android,Jaipur,14,TX126948,Recovered,Recovered,61.0
163.94,UPI,Insufficient Funds,43,Premium,4,2,3,Android,Pune,4,TX122044,Not Recovered,Not Recovered,22.5
361.95,UPI,Card Expired,24,Regular,6,0,1,iOS,Pune,16,TX106576,Recovered,Recovered,63.0
241.19,UPI,Incorrect Details,31,Regular,6,1,0,Android,Jaipur,7,TX137235,Not Recovered,Recovered,77.5
275.69,Credit Card,Network Error,47,New,10,1,3,Android,Pune,15,TX126290,Recovered,Recovered,64.0
603.17,UPI,Insufficient Funds,48,Regular,5,1,2,iOS,Pune,19,TX116487,Not Recovered,Not Recovered,44.0
3275.98,Credit Card,Insufficient Funds,52,Regular,9,2,0,Android,Delhi,11,TX139644,Recovered,Recovered,81.5
1422.23,UPI,Transaction Timeout,55,Regular,3,1,0,Android,Nagpur,4,TX144240,Recovered,Not Recovered,40.5
535.51,Credit Card,Bank Error,24,New,7,6,3,Android,Nagpur,6,TX129725,Not Recovered,Not Recovered,33.5
317.98,Debit Card,Card Expired,39,Regular,8,3,3,Web,Pune,9,TX133365,Recovered,Not Recovered,47.5
1099.09,Wallet,Insufficient Funds,20,Regular,9,1,3,Android,Jaipur,12,TX112668,Recovered,Recovered,70.5
291.15,Credit Card,Transaction Timeout,45,Regular,5,3,3,Web,Pune,18,TX124652,Not Recovered,Not Recovered,30.0
688.37,Debit Card,Insufficient Funds,25,Regular,3,3,0,Android,Bangalore,18,TX108068,Not Recovered,Not Recovered,46.0
997.07,UPI,Limit Exceeded,49,Regular,5,5,1,Android,Delhi,0,TX107015,Not Recovered,Not Recovered,43.5
795.11,UPI,Incorrect Details,20,Regular,5,1,3,Web,Bangalore,9,TX103747,Not Recovered,Not Recovered,43.5
323.63,Wallet,Network Error,26,Premium,8,4,1,Android,Delhi,11,TX115880,Recovered,Recovered,50.0
771.31,Credit Card,Bank Error,36,Regular,6,1,1,Web,Ahmedabad,10,TX103255,Recovered,Not Recovered,45.0
278.33,UPI,Limit Exceeded,28,Regular,4,2,3,Android,Mumbai,20,TX106093,Recovered,Not Recovered,25.0
3093.16,Credit Card,Incorrect Details,21,Premium,6,1,0,iOS,Bangalore,20,TX149161,Not Recovered,Recovered,64.0
315.27,Credit Card,Bank Error,48,Regular,9,3,3,Web,Kolkata,14,TX102771,Not Recovered,Recovered,65.0
578.06,UPI,Insufficient Funds,18,Regular,12,3,0,iOS,Delhi,17,TX112106,Recovered,Recovered,72.0
223.92,UPI,Limit Exceeded,58,Regular,5,1,0,Web,Delhi,4,TX141103,Recovered,Not Recovered,44.0
491.38,Wallet,Bank Error,58,Regular,6,2,1,Web,Chennai,22,TX117404,Recovered,Recovered,62.5
409.39,Net Banking,Limit Exceeded,52,New,8,2,0,Android,Ahmedabad,4,TX141022,Recovered,Recovered,74.0
449.94,Debit Card,Incorrect Details,42,Regular,8,2,0,iOS,Ahmedabad,3,TX113460,Recovered,Recovered,72.0
1331.02,Credit Card,Insufficient Funds,59,New,7,4,3,Web,Hyderabad,6,TX114130,Recovered,Not Recovered,41.0
611.96,Debit Card,Card Expired,53,New,4,1,2,Android,Hyderabad,4,TX115197,Not Recovered,Not Recovered,32.0
1346.34,UPI,Incorrect Details,40,Regular,4,2,3,iOS,Chennai,9,TX112161,Not Recovered,Not Recovered,20.5
211.48,UPI,Limit Exceeded,45,Regular,9,0,1,Android,Chennai,12,TX133623,Recovered,Recovered,81.5
1536.42,UPI,Transaction Timeout,38,Regular,5,4,1,Web,Mumbai,13,TX133461,Recovered,Not Recovered,42.0
3389.6,UPI,Incorrect Details,42,New,3,2,2,Web,Hyderabad,13,TX103345,Not Recovered,Not Recovered,42.0
295.11,Debit Card,Incorrect Details,47,Regular,10,0,0,Web,Delhi,18,TX141894,Recovered,Recovered,91.5
6051.49,UPI,Insufficient Funds,18,New,7,2,2,Android,Mumbai,11,TX129164,Recovered,Not Recovered,43.0
722.54,Credit Card,Transaction Timeout,53,Regular,8,2,2,iOS,Chennai,10,TX105482,Recovered,Recovered,55.5
366.99,Debit Card,Network Error,34,Premium,6,0,0,iOS,Hyderabad,5,TX110992,Recovered,Recovered,64.5
733.1,Credit Card,Bank Error,28,Regular,5,5,2,iOS,Delhi,10,TX124789,Not Recovered,Not Recovered,42.5
290.52,Debit Card,Network Error,24,New,4,0,3,Android,Nagpur,17,TX136033,Recovered,Not Recovered,30.0
1840.02,Wallet,Bank Error,34,Premium,6,2,3,Web,Jaipur,0,TX112048,Not Recovered,Not Recovered,41.5
152.2,UPI,Bank Error,54,Regular,8,1,3,Android,Kolkata,19,TX127048,Not Recovered,Not Recovered,47.5
393.5,Debit Card,Bank Error,26,Regular,6,0,0,Android,Ahmedabad,6,TX132366,Recovered,Recovered,69.5
536.14,Net Banking,Card Expired,37,Regular,6,0,1,iOS,Jaipur,15,TX140564,Not Recovered,Recovered,64.0
306.85,UPI,Transaction Timeout,31,Regular,9,1,1,Android,Mumbai,20,TX114758,Not Recovered,Recovered,80.5
342.54,UPI,Transaction Timeout,34,Regular,6,1,3,Android,Jaipur,15,TX145598,Recovered,Not Recovered,46.0
273.72,Credit Card,Card Expired,48,New,6,2,0,Android,Bangalore,3,TX126498,Not Recovered,Recovered,60.0
172.26,UPI,Bank Error,33,Regular,7,0,1,Android,Pune,14,TX129091,Recovered,Recovered,66.0
878.29,Net Banking,Transaction Timeout,54,Regular,4,1,3,iOS,Kolkata,10,TX108866,Recovered,Not Recovered,39.0
3514.46,UPI,Incorrect Details,43,Regular,4,0,0,Android,Hyderabad,17,TX108147,Recovered,Recovered,67.0
148.67,Net Banking,Transaction Timeout,55,Premium,8,3,0,Android,Bangalore,15,TX119936,Recovered,Recovered,75.5
289.14,Debit Card,Transaction Timeout,37,Premium,4,1,2,Web,Ahmedabad,7,TX134349,Recovered,Not Recovered,28.0
2040.38,Net Banking,Limit Exceeded,47,Premium,2,1,0,iOS,Kolkata,14,TX140644,Recovered,Not Recovered,43.5
1629.22,UPI,Bank Error,51,New,5,3,0,Android,Ahmedabad,3,TX143164,Not Recovered,Recovered,54.0
525.97,UPI,Insufficient Funds,31,New,6,2,1,iOS,Delhi,3,TX133096,Recovered,Not Recovered,48.0
454.65,Credit Card,Card Expired,59,Premium,4,0,3,Web,Pune,11,TX118934,Not Recovered,Not Recovered,43.0
128.32,Credit Card,Insufficient Funds,37,Regular,8,4,0,Android,Nagpur,4,TX140031,Recovered,Recovered,63.0
797.27,Debit Card,Limit Exceeded,33,Regular,3,2,3,iOS,Hyderabad,5,TX145316,Recovered,Not Recovered,39.0
966.34,UPI,Card Expired,39,Regular,9,1,0,Android,Pune,7,TX135421,Recovered,Recovered,84.5
762.73,UPI,Limit Exceeded,28,Regular,11,2,1,Android,Delhi,10,TX127097,Recovered,Recovered,87.0
1094.24,UPI,Network Error,41,New,6,3,1,Web,Delhi,7,TX126182,Recovered,Recovered,55.0
967.02,Net Banking,Network Error,42,New,0,1,2,Android,Chennai,11,TX114726,Not Recovered,Not Recovered,27.0
2941.7,Debit Card,Insufficient Funds,56,Regular,7,3,3,iOS,Hyderabad,1,TX144476,Recovered,Not Recovered,42.5
324.64,Wallet,Bank Error,34,Premium,3,2,0,Android,Ahmedabad,2,TX117254,Recovered,Not Recovered,45.0
734.53,UPI,Limit Exceeded,55,New,6,1,3,iOS,Pune,2,TX118079,Recovered,Recovered,56.5
152.25,UPI,Network Error,56,New,5,1,1,Android,Ahmedabad,14,TX106899,Not Recovered,Recovered,51.0
1925.15,UPI,Limit Exceeded,34,Premium,10,3,2,Android,Pune,3,TX142587,Not Recovered,Recovered,66.5
608.5,UPI,Limit Exceeded,47,Premium,12,1,1,iOS,Bangalore,20,TX123174,Recovered,Recovered,80.5
5101.1,UPI,Incorrect Details,28,Regular,9,2,1,Android,Chennai,7,TX108688,Recovered,Recovered,72.5
2207.84,Wallet,Network Error,56,Premium,8,3,2,Web,Bangalore,11,TX139807,Recovered,Recovered,56.5
807.05,UPI,Bank Error,34,Premium,8,3,2,Android,Kolkata,14,TX105577,Recovered,Not Recovered,49.0
1473.89,Debit Card,Network Error,30,New,8,4,2,Android,Nagpur,3,TX144729,Recovered,Not Recovered,42.0
262.57,Credit Card,Network Error,38,Regular,8,5,2,Android,Ahmedabad,4,TX148117,Not Recovered,Not Recovered,46.5
1066.36,UPI,Incorrect Details,30,Regular,8,1,1,Android,Delhi,2,TX141758,Recovered,Recovered,84.0
240.38,Credit Card,Network Error,32,New,5,2,2,iOS,Nagpur,9,TX104901,Recovered,Not Recovered,35.0
323.23,Debit Card,Insufficient Funds,52,Regular,6,0,2,Web,Bangalore,15,TX149641,Recovered,Recovered,53.5
400.64,UPI,Card Expired,36,Regular,7,3,2,Android,Mumbai,21,TX122597,Not Recovered,Not Recovered,43.5
1067.67,Debit Card,Limit Exceeded,28,Regular,10,0,3,iOS,Nagpur,6,TX100186,Recovered,Recovered,70.0
87.33,Net Banking,Network Error,32,Premium,4,2,2,Web,Delhi,1,TX129871,Recovered,Not Recovered,37.0
50.0,UPI,Incorrect Details,42,Regular,10,5,0,Android,Delhi,22,TX140505,Recovered,Recovered,69.0
759.88,UPI,Insufficient Funds,48,Regular,6,2,0,Android,Bangalore,15,TX116553,Recovered,Not Recovered,49.5
5973.04,UPI,Network Error,41,Regular,2,2,3,iOS,Kolkata,22,TX126315,Not Recovered,Not Recovered,28.0
1564.55,Wallet,Card Expired,24,Premium,4,0,1,Android,Jaipur,2,TX125587,Recovered,Not Recovered,48.5
329.46,Wallet,Bank Error,26,Regular,10,3,1,Web,Chennai,23,TX121615,Recovered,Recovered,69.5
449.26,UPI,Bank Error,39,Regular,5,0,1,Android,Nagpur,3,TX144813,Recovered,Recovered,55.5
384.37,UPI,Card Expired,58,New,3,1,3,Web,Hyderabad,14,TX114900,Not Recovered,Not Recovered,27.0
106.27,Credit Card,Transaction Timeout,58,Regular,8,0,1,iOS,Jaipur,12,TX145586,Recovered,Recovered,62.0
534.39,UPI,Network Error,44,Regular,4,0,1,Android,Nagpur,0,TX104538,Recovered,Not Recovered,40.5
207.33,UPI,Limit Exceeded,42,Regular,7,3,3,Web,Ahmedabad,9,TX126681,Not Recovered,Not Recovered,46.0
1458.1,Net Banking,Network Error,59,Regular,3,2,3,iOS,Mumbai,5,TX116107,Recovered,Not Recovered,29.5
537.62,Net Banking,Incorrect Details,37,Regular,7,3,3,iOS,Mumbai,9,TX132376,Not Recovered,Not Recovered,43.0
4833.73,Debit Card,Limit Exceeded,26,Regular,4,3,0,Android,Ahmedabad,22,TX112948,Recovered,Recovered,53.0
2145.48,UPI,Bank Error,45,Regular,8,1,0,Web,Pune,2,TX111476,Not Recovered,Recovered,67.0
649.7,UPI,Limit Exceeded,18,Regular,6,5,0,Android,Pune,6,TX145236,Not Recovered,Not Recovered,48.0
173.06,Wallet,Bank Error,27,Regular,3,4,1,Android,Nagpur,1,TX145385,Not Recovered,Not Recovered,23.5
258.92,Credit Card,Insufficient Funds,25,Regular,4,1,2,iOS,Kolkata,9,TX126106,Recovered,Not Recovered,48.0
700.1,Wallet,Transaction Timeout,40,Regular,6,2,3,Android,Mumbai,14,TX135859,Recovered,Recovered,55.0
403.64,Credit Card,Bank Error,51,Regular,12,2,0,iOS,Delhi,7,TX144663,Recovered,Recovered,76.0
219.47,Net Banking,Limit Exceeded,51,Premium,7,3,0,Android,Hyderabad,3,TX112141,Not Recovered,Recovered,59.5
497.47,UPI,Transaction Timeout,44,Regular,4,1,3,iOS,Jaipur,6,TX147877,Not Recovered,Not Recovered,30.0
252.65,Wallet,Network Error,49,Regular,6,5,0,Android,Nagpur,14,TX113170,Not Recovered,Recovered,54.0
94.55,Wallet,Limit Exceeded,28,Regular,5,1,2,Android,Nagpur,15,TX113913,Not Recovered,Not Recovered,31.5
479.04,UPI,Transaction Timeout,46,Premium,10,3,0,Android,Delhi,10,TX141950,Not Recovered,Recovered,81.5
254.06,UPI,Bank Error,55,Regular,4,4,3,Android,Chennai,14,TX131898,Not Recovered,Not Recovered,27.5
501.55,UPI,Limit Exceeded,19,Regular,7,3,0,Android,Bangalore,5,TX134258,Recovered,Not Recovered,47.5
1030.48,UPI,Insufficient Funds,24,Regular,10,1,3,iOS,Kolkata,12,TX149051,Recovered,Recovered,72.5
747.32,Debit Card,Incorrect Details,24,Regular,8,1,1,Android,Bangalore,23,TX134238,Recovered,Recovered,68.5
780.19,UPI,Transaction Timeout,57,Regular,4,2,0,Web,Delhi,18,TX143958,Not Recovered,Not Recovered,49.5
397.34,Debit Card,Network Error,49,Regular,11,0,0,Android,Chennai,5,TX103485,Recovered,Recovered,84.5
409.87,UPI,Bank Error,23,Regular,10,1,3,Android,Jaipur,20,TX145202,Recovered,Recovered,55.5
205.68,UPI,Insufficient Funds,43,Premium,6,3,1,iOS,Kolkata,5,TX124523,Not Recovered,Not Recovered,49.0
2689.12,UPI,Insufficient Funds,22,New,7,1,0,Android,Mumbai,11,TX133371,Not Recovered,Recovered,67.0
3993.61,UPI,Limit Exceeded,43,Regular,7,2,2,Android,Hyderabad,4,TX121055,Recovered,Recovered,50.0
318.06,UPI,Limit Exceeded,44,New,5,4,1,Android,Ahmedabad,23,TX127802,Not Recovered,Not Recovered,31.5
309.56,UPI,Limit Exceeded,45,Regular,4,2,1,Web,Chennai,19,TX111370,Not Recovered,Not Recovered,46.0
409.4,UPI,Bank Error,44,New,5,2,3,Web,Delhi,1,TX102729,Not Recovered,Not Recovered,34.5
845.46,Credit Card,Bank Error,54,Regular,7,3,1,iOS,Nagpur,18,TX145442,Recovered,Recovered,51.5
976.59,UPI,Transaction Timeout,24,Regular,11,4,0,Android,Pune,7,TX100440,Recovered,Recovered,74.5
1078.46,Credit Card,Limit Exceeded,58,Regular,7,2,2,Web,Delhi,4,TX124602,Recovered,Not Recovered,47.5
1033.62,UPI,Insufficient Funds,46,Regular,12,0,2,Web,Ahmedabad,13,TX114567,Recovered,Recovered,87.5
388.4,UPI,Bank Error,42,Regular,8,5,0,Android,Bangalore,3,TX145554,Not Recovered,Recovered,67.0
2279.53,UPI,Network Error,38,New,8,2,3,iOS,Jaipur,2,TX136476,Recovered,Recovered,59.5
1640.07,Wallet,Card Expired,30,Regular,7,0,0,Android,Mumbai,7,TX119993,Recovered,Recovered,67.0
162.91,Debit Card,Bank Error,36,New,6,3,1,iOS,Hyderabad,14,TX131073,Recovered,Recovered,54.0
241.54,UPI,Incorrect Details,59,Regular,11,0,1,Android,Chennai,23,TX125988,Recovered,Recovered,85.5
268.18,UPI,Transaction Timeout,34,New,4,6,2,Android,Bangalore,1,TX116095,Not Recovered,Not Recovered,21.5
2371.97,UPI,Incorrect Details,29,New,5,1,0,Web,Bangalore,5,TX131123,Recovered,Not Recovered,45.5
3586.44,Wallet,Bank Error,55,Regular,5,1,0,iOS,Bangalore,6,TX136655,Not Recovered,Recovered,70.0
1583.5,Debit Card,Limit Exceeded,39,Regular,8,5,1,iOS,Chennai,12,TX111595,Recovered,Recovered,51.5
272.16,UPI,Insufficient Funds,37,Regular,5,3,3,iOS,Kolkata,11,TX143027,Not Recovered,Not Recovered,16.0
571.37,Net Banking,Limit Exceeded,25,New,10,2,0,Android,Jaipur,12,TX105902,Recovered,Recovered,84.5
230.1,UPI,Bank Error,45,New,5,2,3,Android,Chennai,13,TX121828,Not Recovered,Not Recovered,27.0
316.56,Debit Card,Limit Exceeded,24,Premium,4,3,3,Android,Delhi,5,TX146388,Recovered,Not Recovered,28.0
1508.34,Wallet,Incorrect Details,50,Regular,5,1,0,iOS,Hyderabad,6,TX108107,Not Recovered,Recovered,65.5
450.65,UPI,Card Expired,57,Regular,5,3,3,Android,Jaipur,10,TX127181,Not Recovered,Not Recovered,27.5
2549.66,Wallet,Incorrect Details,45,Regular,8,3,1,Android,Kolkata,22,TX139350,Recovered,Recovered,68.0
1305.94,UPI,Insufficient Funds,30,New,8,1,3,Android,Chennai,20,TX138517,Not Recovered,Recovered,52.0
269.71,Credit Card,Transaction Timeout,44,New,6,3,1,iOS,Chennai,17,TX108310,Not Recovered,Recovered,54.0
1333.93,UPI,Insufficient Funds,24,Regular,5,4,1,Android,Pune,1,TX136637,Not Recovered,Not Recovered,36.5
251.34,UPI,Incorrect Details,45,Premium,6,4,0,Android,Nagpur,13,TX131975,Recovered,Not Recovered,40.5
217.34,Wallet,Insufficient Funds,47,Regular,7,5,1,Android,Chennai,9,TX125031,Recovered,Not Recovered,39.0
378.3,Wallet,Card Expired,47,New,5,3,2,Android,Chennai,15,TX114411,Not Recovered,Not Recovered,26.5
239.38,Wallet,Insufficient Funds,22,New,4,4,1,Android,Chennai,12,TX135357,Recovered,Not Recovered,32.5
306.73,UPI,Transaction Timeout,29,Regular,10,1,1,iOS,Kolkata,19,TX116155,Recovered,Recovered,78.0
190.9,Credit Card,Insufficient Funds,55,Regular,5,5,1,Web,Nagpur,16,TX121178,Recovered,Not Recovered,44.5
1097.83,UPI,Limit Exceeded,41,Regular,5,1,2,Android,Kolkata,4,TX110165,Not Recovered,Not Recovered,24.5
1335.27,Net Banking,Incorrect Details,41,New,5,3,1,iOS,Hyderabad,9,TX134685,Not Recovered,Not Recovered,45.5
407.46,UPI,Insufficient Funds,30,New,8,4,1,Android,Nagpur,3,TX144647,Recovered,Recovered,65.0
600.49,Credit Card,Limit Exceeded,46,Regular,8,2,1,Android,Kolkata,22,TX137453,Recovered,Recovered,76.5
320.72,UPI,Network Error,35,Regular,9,1,2,iOS,Nagpur,18,TX111285,Recovered,Recovered,70.5
2132.37,UPI,Insufficient Funds,47,New,6,3,0,Android,Bangalore,19,TX108401,Recovered,Not Recovered,49.0
826.71,UPI,Insufficient Funds,23,New,6,2,2,Android,Bangalore,17,TX144120,Not Recovered,Not Recovered,42.0
1150.43,Net Banking,Card Expired,52,New,4,0,0,Web,Mumbai,17,TX141972,Recovered,Recovered,61.5
659.99,UPI,Limit Exceeded,31,Regular,10,2,2,Android,Hyderabad,9,TX122476,Recovered,Recovered,74.5
329.66,Credit Card,Card Expired,21,Premium,8,1,0,Android,Pune,21,TX148589,Recovered,Recovered,72.0
143.06,UPI,Bank Error,44,New,6,3,1,Android,Bangalore,16,TX148076,Recovered,Recovered,53.0
1964.43,Debit Card,Transaction Timeout,43,Regular,10,6,3,Android,Hyderabad,18,TX123164,Recovered,Recovered,69.5
543.98,UPI,Card Expired,54,Regular,11,2,1,iOS,Nagpur,10,TX115054,Recovered,Recovered,85.5
1890.69,UPI,Transaction Timeout,35,Regular,8,1,0,Android,Kolkata,22,TX130026,Recovered,Recovered,78.5
380.91,Credit Card,Transaction Timeout,22,Premium,7,0,0,Web,Ahmedabad,0,TX136386,Recovered,Recovered,65.5
1315.09,Wallet,Incorrect Details,29,Regular,9,3,1,Web,Chennai,17,TX132981,Recovered,Recovered,79.5
2492.39,Debit Card,Network Error,35,New,6,3,1,Android,Delhi,15,TX106489,Not Recovered,Not Recovered,40.5
632.15,Debit Card,Limit Exceeded,46,Regular,8,4,0,Android,Hyderabad,6,TX122218,Not Recovered,Recovered,52.0
461.71,UPI,Transaction Timeout,21,New,5,1,0,Android,Delhi,9,TX114471,Not Recovered,Not Recovered,41.0
296.61,Debit Card,Insufficient Funds,38,Regular,8,1,0,Android,Bangalore,15,TX137675,Recovered,Recovered,75.5
829.34,Debit Card,Network Error,34,Premium,6,1,0,iOS,Bangalore,19,TX107986,Recovered,Recovered,67.5
967.13,UPI,Incorrect Details,51,Regular,8,2,3,Web,Jaipur,3,TX140934,Not Recovered,Recovered,67.0
1823.24,UPI,Network Error,21,Regular,5,0,3,iOS,Delhi,13,TX129253,Not Recovered,Not Recovered,37.5
621.35,UPI,Bank Error,42,Regular,4,4,3,Android,Mumbai,22,TX125655,Not Recovered,Not Recovered,25.0
3921.49,Debit Card,Insufficient Funds,53,Premium,14,1,3,Android,Hyderabad,22,TX137699,Recovered,Recovered,68.0
511.85,Net Banking,Limit Exceeded,23,Regular,8,1,1,iOS,Chennai,19,TX124489,Recovered,Recovered,83.5
763.22,UPI,Limit Exceeded,53,Premium,10,1,0,iOS,Kolkata,4,TX124933,Recovered,Recovered,80.5
233.45,UPI,Limit Exceeded,46,New,8,1,2,Web,Nagpur,8,TX147637,Recovered,Recovered,71.5
1924.95,Debit Card,Bank Error,37,Regular,6,1,1,iOS,Bangalore,15,TX135862,Recovered,Recovered,57.0
176.41,UPI,Insufficient Funds,33,Regular,13,0,3,Android,Bangalore,4,TX124520,Recovered,Recovered,84.0
348.34,Net Banking,Limit Exceeded,31,Regular,7,2,0,Android,Mumbai,7,TX134596,Recovered,Recovered,60.5
837.6,Credit Card,Network Error,42,Premium,7,3,1,iOS,Jaipur,21,TX114099,Not Recovered,Recovered,61.0
854.09,UPI,Card Expired,54,Regular,10,6,3,iOS,Ahmedabad,1,TX139610,Recovered,Recovered,67.0
631.4,UPI,Limit Exceeded,44,Regular,5,1,0,Android,Hyderabad,8,TX122966,Recovered,Recovered,57.5
197.13,UPI,Incorrect Details,21,Premium,5,2,3,Android,Pune,18,TX147091,Not Recovered,Not Recovered,32.0
1902.4,UPI,Transaction Timeout,33,New,9,4,3,Android,Jaipur,5,TX140528,Recovered,Recovered,55.0
269.31,UPI,Bank Error,24,Regular,7,4,2,Android,Kolkata,2,TX119151,Recovered,Not Recovered,39.0
1210.7,Debit Card,Insufficient Funds,45,Premium,7,4,1,Android,Delhi,8,TX146233,Recovered,Not Recovered,40.0
1112.38,UPI,Limit Exceeded,58,Premium,14,0,1,Web,Bangalore,6,TX142842,Recovered,Recovered,82.5
636.62,Debit Card,Card Expired,59,Premium,7,4,1,Android,Mumbai,15,TX134457,Recovered,Not Recovered,45.5
305.04,Debit Card,Insufficient Funds,29,Regular,7,2,3,Android,Nagpur,15,TX116390,Not Recovered,Recovered,57.5
946.8,Credit Card,Incorrect Details,34,Premium,7,4,0,Web,Kolkata,21,TX130436,Not Recovered,Recovered,58.5
236.13,Debit Card,Card Expired,42,New,10,4,1,Android,Pune,8,TX109022,Not Recovered,Recovered,62.0
3967.34,Credit Card,Bank Error,26,Regular,8,3,2,Android,Delhi,0,TX126321,Not Recovered,Recovered,65.0
620.59,Debit Card,Transaction Timeout,38,Regular,8,3,3,Web,Nagpur,13,TX123480,Recovered,Recovered,59.5
822.11,Debit Card,Incorrect Details,35,New,2,2,2,Web,Delhi,5,TX138881,Not Recovered,Not Recovered,22.0
1478.92,Net Banking,Network Error,54,New,7,1,1,iOS,Kolkata,4,TX110248,Recovered,Recovered,70.5
137.78,UPI,Card Expired,34,New,8,7,1,Android,Bangalore,4,TX109585,Recovered,Recovered,55.5
177.02,UPI,Limit Exceeded,37,Premium,7,1,0,Android,Nagpur,8,TX132537,Recovered,Recovered,74.0
360.71,Wallet,Card Expired,21,Regular,8,0,2,Android,Delhi,9,TX116864,Recovered,Recovered,71.0
393.66,Debit Card,Network Error,49,Regular,7,4,2,Web,Jaipur,6,TX100682,Recovered,Not Recovered,38.5
913.91,Net Banking,Incorrect Details,47,New,9,4,2,iOS,Jaipur,20,TX122183,Not Recovered,Recovered,70.5
206.51,UPI,Network Error,19,Regular,10,1,1,Android,Jaipur,6,TX130055,Recovered,Recovered,85.5
626.68,UPI,Network Error,55,Regular,11,2,3,Android,Jaipur,17,TX149317,Recovered,Recovered,78.0
362.17,UPI,Transaction Timeout,33,Premium,1,1,3,iOS,Kolkata,12,TX102848,Not Recovered,Not Recovered,21.0
730.23,UPI,Limit Exceeded,30,New,4,1,2,Android,Delhi,11,TX143768,Recovered,Not Recovered,32.0
260.82,Net Banking,Card Expired,55,New,6,3,2,Web,Nagpur,7,TX119580,Not Recovered,Recovered,50.5
1322.62,Debit Card,Transaction Timeout,48,New,12,1,3,iOS,Bangalore,3,TX120144,Recovered,Recovered,72.0
923.01,Credit Card,Bank Error,18,Regular,7,5,1,Android,Jaipur,10,TX119424,Recovered,Recovered,51.0
221.62,UPI,Network Error,28,New,9,0,1,iOS,Delhi,11,TX106640,Recovered,Recovered,84.5
282.86,Credit Card,Limit Exceeded,38,Regular,10,1,1,iOS,Chennai,13,TX142043,Recovered,Recovered,79.5
886.49,Debit Card,Transaction Timeout,26,Regular,9,1,0,Web,Jaipur,1,TX108420,Recovered,Recovered,79.0
281.26,UPI,Insufficient Funds,25,Regular,6,5,1,Web,Kolkata,5,TX118172,Recovered,Not Recovered,35.0
389.43,Net Banking,Network Error,35,New,10,0,0,Android,Jaipur,18,TX101714,Recovered,Recovered,84.5
1145.72,Debit Card,Card Expired,18,Regular,4,4,1,Android,Pune,19,TX149159,Not Recovered,Not Recovered,31.5
2055.99,UPI,Network Error,29,New,2,2,0,iOS,Nagpur,1,TX145302,Recovered,Not Recovered,48.5
1986.03,Net Banking,Limit Exceeded,27,Regular,7,1,2,Android,Delhi,9,TX130313,Not Recovered,Recovered,71.0
4791.76,Debit Card,Incorrect Details,38,New,6,0,1,Web,Bangalore,13,TX125130,Recovered,Recovered,61.5
245.54,Credit Card,Bank Error,19,New,4,5,1,Web,Pune,17,TX116973,Not Recovered,Recovered,50.0
748.37,UPI,Bank Error,27,Regular,3,4,3,Web,Nagpur,9,TX137242,Not Recovered,Not Recovered,19.5
181.94,Credit Card,Insufficient Funds,29,Regular,10,4,2,Android,Bangalore,1,TX145631,Not Recovered,Recovered,72.0
487.26,UPI,Network Error,41,New,6,1,2,iOS,Chennai,5,TX112148,Recovered,Recovered,50.0
1156.84,UPI,Transaction Timeout,22,Premium,7,6,2,Android,Chennai,12,TX128424,Recovered,Not Recovered,31.5
294.6,Debit Card,Bank Error,18,Regular,8,4,3,Android,Mumbai,21,TX106426,Recovered,Recovered,53.5
323.07,Wallet,Incorrect Details,30,Regular,3,0,2,iOS,Chennai,1,TX125252,Not Recovered,Not Recovered,29.5
1851.42,UPI,Bank Error,32,Regular,7,1,3,iOS,Mumbai,18,TX102703,Not Recovered,Not Recovered,39.0
1269.8,Credit Card,Bank Error,43,Premium,2,2,0,Web,Delhi,4,TX122375,Recovered,Not Recovered,36.0
1041.82,Net Banking,Network Error,23,New,5,0,0,Android,Ahmedabad,9,TX132788,Recovered,Recovered,52.5
4129.91,Debit Card,Incorrect Details,31,Regular,8,3,0,Android,Pune,17,TX101379,Recovered,Recovered,62.0
1390.83,UPI,Limit Exceeded,35,Regular,5,1,3,Android,Jaipur,4,TX126995,Recovered,Not Recovered,30.5
385.92,Debit Card,Card Expired,50,Regular,10,3,3,iOS,Mumbai,6,TX100024,Not Recovered,Recovered,73.5
1173.79,Wallet,Limit Exceeded,50,Regular,4,2,2,Android,Jaipur,9,TX113895,Recovered,Not Recovered,32.5
445.99,Debit Card,Card Expired,33,Premium,7,2,3,Android,Hyderabad,15,TX113915,Not Recovered,Recovered,55.0
372.65,Credit Card,Card Expired,20,New,8,1,1,iOS,Delhi,6,TX121968,Recovered,Recovered,70.5
8846.97,UPI,Network Error,37,Regular,15,4,3,iOS,Delhi,13,TX126035,Recovered,Recovered,61.5
1174.95,UPI,Transaction Timeout,39,New,6,0,0,Android,Kolkata,0,TX101238,Recovered,Recovered,63.0
198.59,Debit Card,Insufficient Funds,35,Premium,8,3,3,Web,Bangalore,6,TX146887,Not Recovered,Not Recovered,46.5
277.89,UPI,Bank Error,23,Regular,6,1,1,iOS,Bangalore,2,TX114447,Not Recovered,Recovered,54.0
661.32,UPI,Incorrect Details,34,New,8,2,0,Web,Bangalore,15,TX134706,Recovered,Recovered,67.5
96.32,Debit Card,Insufficient Funds,35,Regular,6,1,2,Android,Nagpur,13,TX112174,Recovered,Recovered,55.5
427.65,UPI,Insufficient Funds,18,Regular,6,10,1,Android,Bangalore,8,TX118264,Not Recovered,Not Recovered,35.0
150.89,Net Banking,Incorrect Details,46,Regular,8,0,3,Android,Hyderabad,16,TX145107,Recovered,Recovered,71.5
612.68,Wallet,Network Error,37,Regular,7,2,2,Web,Chennai,18,TX128362,Recovered,Not Recovered,47.0
523.7,UPI,Bank Error,25,Regular,6,1,0,Android,Chennai,21,TX126807,Recovered,Recovered,60.5
1021.83,UPI,Card Expired,58,Premium,13,2,2,Android,Jaipur,11,TX124626,Recovered,Recovered,80.0
4560.23,UPI,Insufficient Funds,36,Premium,8,2,2,iOS,Mumbai,22,TX125821,Recovered,Not Recovered,43.0
818.4,UPI,Bank Error,44,New,4,0,2,Android,Hyderabad,9,TX147145,Recovered,Not Recovered,34.0
71.24,Debit Card,Insufficient Funds,41,New,13,2,3,Android,Nagpur,7,TX147220,Recovered,Recovered,73.0
992.33,UPI,Bank Error,37,New,5,1,0,Web,Bangalore,16,TX131657,Recovered,Not Recovered,36.5
59.07,UPI,Incorrect Details,33,New,5,1,3,iOS,Bangalore,13,TX142454,Recovered,Not Recovered,27.0
2190.14,UPI,Card Expired,53,Regular,1,2,1,iOS,Delhi,6,TX119576,Recovered,Not Recovered,45.0
4781.57,Debit Card,Bank Error,34,Regular,5,3,0,Web,Jaipur,6,TX113883,Not Recovered,Not Recovered,46.5
799.2,UPI,Limit Exceeded,29,Regular,7,2,2,iOS,Mumbai,13,TX130820,Recovered,Not Recovered,48.0
444.95,Credit Card,Network Error,44,Regular,7,3,0,Web,Hyderabad,5,TX113796,Recovered,Recovered,50.5
5144.35,Debit Card,Card Expired,37,Regular,7,0,0,Android,Mumbai,19,TX108895,Recovered,Recovered,62.0
633.48,Credit Card,Incorrect Details,41,New,7,0,0,Web,Jaipur,10,TX112577,Not Recovered,Recovered,70.5
389.61,UPI,Bank Error,37,Regular,8,3,3,Android,Nagpur,4,TX124769,Recovered,Not Recovered,48.5
1306.91,UPI,Card Expired,23,New,3,6,1,iOS,Kolkata,18,TX128530,Recovered,Not Recovered,29.5
2810.94,UPI,Insufficient Funds,45,New,6,3,0,Web,Mumbai,6,TX100270,Not Recovered,Recovered,57.5
972.7,Credit Card,Limit Exceeded,57,Premium,7,2,3,Android,Bangalore,21,TX140916,Recovered,Not Recovered,41.5
976.73,UPI,Insufficient Funds,29,Regular,5,4,2,Android,Bangalore,3,TX145224,Recovered,Not Recovered,31.0
844.54,Wallet,Insufficient Funds,45,Premium,14,2,3,Android,Ahmedabad,4,TX101087,Recovered,Recovered,81.0
913.72,UPI,Card Expired,26,Regular,7,2,0,Web,Ahmedabad,12,TX137336,Not Recovered,Recovered,61.5
240.98,UPI,Incorrect Details,56,New,5,1,2,iOS,Chennai,18,TX111861,Recovered,Not Recovered,33.5
646.48,UPI,Transaction Timeout,42,Regular,6,1,1,iOS,Pune,7,TX149778,Recovered,Recovered,61.5
2783.85,UPI,Card Expired,46,Regular,3,0,1,Android,Pune,9,TX112820,Not Recovered,Recovered,56.0
1586.03,Credit Card,Card Expired,21,Regular,4,1,1,Android,Kolkata,2,TX141510,Not Recovered,Not Recovered,40.0
205.32,UPI,Insufficient Funds,34,New,4,3,3,Android,Delhi,8,TX137406,Not Recovered,Not Recovered,11.0
214.85,Credit Card,Incorrect Details,41,Premium,8,2,3,Android,Delhi,5,TX102907,Not Recovered,Not Recovered,49.5
1198.03,Wallet,Incorrect Details,27,Regular,7,0,1,Android,Nagpur,21,TX111460,Not Recovered,Recovered,73.0
1460.55,Debit Card,Insufficient Funds,25,New,12,2,2,Android,Pune,20,TX131507,Recovered,Recovered,76.0
344.03,Debit Card,Bank Error,57,Regular,8,2,3,Android,Mumbai,0,TX137790,Recovered,Recovered,69.0
82.56,Credit Card,Incorrect Details,43,Regular,9,6,2,Web,Bangalore,7,TX103657,Recovered,Recovered,61.5
3679.97,Credit Card,Insufficient Funds,56,Regular,8,1,1,iOS,Mumbai,18,TX124982,Recovered,Recovered,73.5
206.54,UPI,Insufficient Funds,58,New,10,2,3,Android,Bangalore,16,TX148983,Not Recovered,Recovered,60.0
312.21,UPI,Limit Exceeded,27,Regular,3,0,0,Android,Pune,14,TX138827,Not Recovered,Recovered,54.5
89.54,Net Banking,Transaction Timeout,32,New,4,1,0,iOS,Nagpur,7,TX123624,Recovered,Not Recovered,41.0
89.12,UPI,Bank Error,22,Premium,6,2,2,Web,Nagpur,12,TX122156,Not Recovered,Not Recovered,48.5
500.83,UPI,Transaction Timeout,38,New,9,1,2,Android,Mumbai,15,TX138170,Recovered,Recovered,72.5
64.33,Credit Card,Card Expired,19,Regular,12,3,0,Web,Chennai,23,TX114768,Recovered,Recovered,73.0
178.59,UPI,Insufficient Funds,26,New,8,1,0,iOS,Ahmedabad,17,TX144614,Recovered,Recovered,81.0
360.19,Net Banking,Limit Exceeded,18,Regular,4,2,0,Android,Chennai,9,TX118103,Recovered,Not Recovered,41.5
1024.54,UPI,Limit Exceeded,39,Regular,10,3,0,iOS,Delhi,10,TX115629,Recovered,Recovered,91.0
556.31,Debit Card,Card Expired,57,New,3,4,1,Android,Delhi,21,TX110140,Recovered,Not Recovered,31.5
983.84,Debit Card,Network Error,22,Regular,9,3,0,Web,Chennai,12,TX125868,Recovered,Recovered,79.0
2050.27,Debit Card,Limit Exceeded,19,Regular,5,3,1,Android,Ahmedabad,11,TX122895,Not Recovered,Recovered,53.0
121.72,Credit Card,Network Error,57,Regular,8,3,3,iOS,Mumbai,18,TX128695,Recovered,Recovered,51.0
453.61,Credit Card,Card Expired,40,New,8,4,1,Android,Chennai,19,TX129027,Not Recovered,Recovered,53.0
189.81,Wallet,Card Expired,56,Premium,9,1,1,Android,Mumbai,7,TX133194,Recovered,Recovered,80.5
333.48,Debit Card,Bank Error,49,Premium,9,2,0,Android,Mumbai,1,TX127067,Recovered,Recovered,73.0
491.49,UPI,Incorrect Details,32,Regular,9,3,2,Web,Ahmedabad,21,TX138768,Recovered,Recovered,66.0
348.06,UPI,Transaction Timeout,36,Regular,5,0,0,iOS,Delhi,11,TX143024,Recovered,Recovered,61.0
611.91,Debit Card,Card Expired,48,New,9,3,1,iOS,Delhi,6,TX112563,Recovered,Recovered,77.5
427.58,UPI,Insufficient Funds,51,Regular,7,1,1,Web,Jaipur,1,TX105450,Recovered,Recovered,52.0
365.72,Wallet,Incorrect Details,34,New,6,0,3,Android,Pune,17,TX149482,Recovered,Not Recovered,44.0
501.28,UPI,Insufficient Funds,40,Regular,4,3,3,Android,Bangalore,12,TX149217,Not Recovered,Not Recovered,23.5
233.66,UPI,Insufficient Funds,23,Regular,8,2,2,iOS,Pune,8,TX104732,Not Recovered,Recovered,60.5
1970.38,UPI,Insufficient Funds,38,Regular,5,3,1,iOS,Pune,21,TX101725,Recovered,Recovered,56.5
413.42,Debit Card,Limit Exceeded,20,Regular,8,2,1,iOS,Chennai,20,TX110135,Recovered,Recovered,67.0
338.07,Credit Card,Bank Error,54,Regular,6,1,0,iOS,Pune,5,TX149523,Not Recovered,Recovered,54.0
83.27,Net Banking,Limit Exceeded,36,Premium,1,1,0,iOS,Jaipur,22,TX127304,Not Recovered,Not Recovered,34.5
2691.77,Net Banking,Limit Exceeded,45,Regular,10,3,3,Android,Bangalore,4,TX135493,Not Recovered,Recovered,53.0
328.09,Debit Card,Incorrect Details,50,New,9,5,3,Android,Mumbai,12,TX108047,Recovered,Recovered,58.5
647.8,UPI,Card Expired,28,Regular,8,2,0,Web,Pune,0,TX120875,Recovered,Recovered,67.5
1258.06,Net Banking,Incorrect Details,47,Regular,6,0,1,Android,Jaipur,6,TX104644,Not Recovered,Recovered,73.5
747.45,UPI,Bank Error,33,Regular,3,4,0,iOS,Delhi,5,TX110167,Not Recovered,Not Recovered,40.5
292.11,Debit Card,Insufficient Funds,29,New,3,1,2,Android,Jaipur,23,TX126648,Not Recovered,Not Recovered,32.5
3771.12,Debit Card,Incorrect Details,56,Regular,9,3,1,Web,Chennai,11,TX149295,Recovered,Recovered,76.5
169.86,Credit Card,Incorrect Details,56,Regular,9,1,3,Android,Ahmedabad,15,TX122166,Not Recovered,Recovered,53.5
296.72,UPI,Bank Error,53,Premium,6,2,3,Android,Hyderabad,10,TX112082,Not Recovered,Not Recovered,36.5
1074.32,UPI,Transaction Timeout,27,Premium,5,1,2,iOS,Kolkata,16,TX102779,Not Recovered,Not Recovered,23.5
1597.23,UPI,Bank Error,23,Regular,6,4,1,Android,Delhi,13,TX138659,Recovered,Recovered,50.0
685.95,UPI,Limit Exceeded,30,New,7,1,2,iOS,Kolkata,7,TX128325,Recovered,Recovered,68.0
212.71,Wallet,Bank Error,57,Regular,9,2,1,Android,Pune,5,TX120479,Recovered,Recovered,72.0
151.36,Credit Card,Limit Exceeded,38,Regular,8,2,0,Android,Ahmedabad,12,TX133209,Recovered,Recovered,81.5
784.95,Net Banking,Insufficient Funds,43,Premium,4,3,2,Android,Kolkata,3,TX114203,Not Recovered,Not Recovered,24.0
1449.35,UPI,Bank Error,40,Regular,8,2,1,Android,Bangalore,17,TX145523,Recovered,Recovered,70.0
1435.41,UPI,Bank Error,23,New,12,3,3,iOS,Bangalore,17,TX123658,Recovered,Not Recovered,29.0
1469.59,Wallet,Card Expired,33,Regular,7,3,0,Web,Ahmedabad,16,TX114249,Recovered,Recovered,58.0
1427.26,Debit Card,Limit Exceeded,20,New,7,2,0,Android,Bangalore,19,TX124406,Recovered,Recovered,71.5
453.26,UPI,Card Expired,57,Regular,5,5,1,Android,Jaipur,5,TX127410,Recovered,Not Recovered,43.5
617.04,UPI,Card Expired,50,Regular,2,4,0,iOS,Ahmedabad,3,TX142669,Recovered,Not Recovered,40.0
981.05,Wallet,Network Error,34,Regular,8,1,2,Android,Jaipur,21,TX129445,Not Recovered,Recovered,57.5
153.57,Credit Card,Transaction Timeout,27,Regular,8,1,2,iOS,Pune,21,TX149413,Recovered,Recovered,68.0
504.1,Credit Card,Bank Error,42,Premium,9,1,1,Android,Kolkata,13,TX146581,Recovered,Recovered,82.5
399.53,UPI,Bank Error,30,Regular,2,1,2,Web,Nagpur,7,TX144249,Recovered,Not Recovered,22.5
370.18,UPI,Bank Error,39,Premium,11,1,0,Android,Delhi,19,TX130759,Recovered,Recovered,85.5
1121.9,Debit Card,Insufficient Funds,40,Regular,5,2,1,Android,Pune,21,TX144379,Recovered,Not Recovered,41.0
144.59,UPI,Network Error,42,Regular,12,2,0,Web,Delhi,14,TX137673,Recovered,Recovered,91.0
2591.81,UPI,Insufficient Funds,44,Regular,8,2,3,Android,Pune,16,TX128193,Not Recovered,Recovered,50.5
223.77,Debit Card,Incorrect Details,39,Regular,3,3,1,Web,Hyderabad,17,TX132404,Not Recovered,Not Recovered,38.5
1244.15,Credit Card,Card Expired,44,Regular,9,0,1,Android,Nagpur,3,TX124023,Recovered,Recovered,82.5
7042.58,UPI,Insufficient Funds,22,Regular,3,0,0,Web,Mumbai,17,TX137764,Not Recovered,Recovered,59.0
454.55,Debit Card,Insufficient Funds,43,Regular,4,4,2,Web,Nagpur,6,TX121720,Not Recovered,Not Recovered,31.0
558.23,Net Banking,Insufficient Funds,54,New,6,5,2,Android,Jaipur,3,TX121960,Not Recovered,Not Recovered,45.0
2069.21,Credit Card,Transaction Timeout,42,Regular,15,1,2,Android,Mumbai,0,TX116751,Not Recovered,Recovered,79.0
463.67,UPI,Insufficient Funds,32,New,4,0,2,Android,Pune,7,TX129234,Recovered,Not Recovered,32.0
80.19,Wallet,Incorrect Details,38,New,5,0,2,Android,Jaipur,11,TX122399,Recovered,Not Recovered,42.5
2164.9,Debit Card,Transaction Timeout,39,New,8,1,1,iOS,Ahmedabad,19,TX104524,Recovered,Recovered,68.5
534.04,Credit Card,Transaction Timeout,21,New,9,3,1,iOS,Pune,1,TX115353,Recovered,Recovered,75.0
580.54,UPI,Network Error,44,Premium,7,1,0,iOS,Jaipur,7,TX132532,Recovered,Recovered,75.0
1820.06,UPI,Card Expired,20,Premium,5,2,0,iOS,Pune,0,TX117657,Recovered,Recovered,62.5
228.47,UPI,Card Expired,43,Regular,11,2,0,Android,Mumbai,20,TX128453,Recovered,Recovered,85.0
707.6,Debit Card,Limit Exceeded,41,New,3,2,0,Android,Pune,23,TX105362,Recovered,Not Recovered,38.5
811.58,Wallet,Network Error,47,Regular,8,0,3,Android,Jaipur,23,TX133496,Not Recovered,Recovered,79.5
2365.02,Debit Card,Insufficient Funds,25,Regular,8,3,2,iOS,Hyderabad,8,TX147554,Recovered,Recovered,59.5
1421.93,Credit Card,Card Expired,44,Regular,8,3,0,Android,Mumbai,20,TX122926,Recovered,Recovered,72.5
3683.83,Debit Card,Incorrect Details,27,Regular,4,0,3,iOS,Jaipur,14,TX101371,Recovered,Not Recovered,39.5
1386.59,Debit Card,Transaction Timeout,41,Regular,8,4,2,iOS,Pune,7,TX149859,Not Recovered,Recovered,50.0
345.69,Debit Card,Limit Exceeded,52,Premium,11,2,0,iOS,Hyderabad,1,TX117084,Recovered,Recovered,80.0
251.45,UPI,Bank Error,23,New,7,1,0,Android,Kolkata,6,TX105550,Not Recovered,Recovered,69.0
710.98,Credit Card,Incorrect Details,30,New,7,3,2,Web,Chennai,10,TX130562,Recovered,Recovered,54.5
257.29,UPI,Limit Exceeded,20,Regular,8,3,3,Web,Bangalore,15,TX144607,Not Recovered,Recovered,53.0
2613.96,UPI,Incorrect Details,58,Regular,7,1,0,Web,Nagpur,9,TX146980,Recovered,Recovered,64.0
455.22,Debit Card,Insufficient Funds,37,New,8,1,3,Android,Pune,9,TX121486,Not Recovered,Recovered,60.0
141.03,Credit Card,Limit Exceeded,47,Regular,6,1,3,Android,Kolkata,21,TX111790,Recovered,Recovered,56.0
1450.17,UPI,Incorrect Details,39,Regular,4,0,3,Android,Ahmedabad,5,TX130135,Recovered,Not Recovered,20.5
789.48,Credit Card,Limit Exceeded,44,Regular,7,3,2,Web,Chennai,12,TX131973,Recovered,Recovered,52.0
328.73,UPI,Insufficient Funds,44,Regular,5,1,0,Android,Delhi,10,TX134110,Recovered,Recovered,60.5
1107.31,Debit Card,Limit Exceeded,21,Regular,9,2,1,Web,Mumbai,20,TX106425,Recovered,Recovered,81.0
1791.95,Debit Card,Network Error,51,New,3,0,3,Android,Mumbai,22,TX121035,Recovered,Not Recovered,34.0
1086.43,UPI,Limit Exceeded,43,Premium,12,3,3,iOS,Ahmedabad,8,TX139467,Recovered,Recovered,58.0
903.66,Debit Card,Transaction Timeout,49,Regular,9,2,3,Web,Jaipur,15,TX106407,Recovered,Recovered,62.5
511.58,Wallet,Card Expired,40,Premium,5,2,3,Android,Bangalore,22,TX120869,Recovered,Not Recovered,32.5
1896.66,UPI,Insufficient Funds,20,Premium,6,4,3,Android,Bangalore,22,TX117651,Not Recovered,Not Recovered,34.0
1598.4,UPI,Incorrect Details,25,Regular,3,1,1,Android,Mumbai,6,TX117845,Not Recovered,Not Recovered,43.0
1017.72,UPI,Network Error,43,New,7,1,3,iOS,Ahmedabad,2,TX104629,Recovered,Recovered,61.5
707.5,UPI,Insufficient Funds,30,New,5,2,0,iOS,Bangalore,23,TX112375,Recovered,Not Recovered,25.0
323.49,Credit Card,Limit Exceeded,30,Premium,10,1,1,Android,Kolkata,4,TX142258,Recovered,Recovered,89.0
4645.17,UPI,Card Expired,21,Regular,5,1,1,Android,Hyderabad,9,TX113810,Recovered,Recovered,64.5
721.98,UPI,Transaction Timeout,38,Premium,11,1,0,Android,Chennai,17,TX102617,Recovered,Recovered,79.0
3735.06,UPI,Bank Error,37,Regular,5,3,1,Android,Pune,19,TX120527,Not Recovered,Not Recovered,47.5
3451.46,UPI,Bank Error,36,Regular,13,4,3,iOS,Nagpur,13,TX129750,Recovered,Recovered,54.5
919.43,UPI,Network Error,31,Regular,4,1,3,Android,Pune,14,TX114819,Not Recovered,Not Recovered,21.0
683.58,Debit Card,Limit Exceeded,33,Regular,4,0,2,Android,Ahmedabad,23,TX131516,Not Recovered,Not Recovered,39.0
1509.88,UPI,Insufficient Funds,58,New,10,1,3,Android,Kolkata,7,TX138885,Not Recovered,Recovered,77.5
4427.13,UPI,Network Error,37,Premium,8,6,2,Android,Bangalore,5,TX110332,Recovered,Not Recovered,46.0
807.25,Credit Card,Limit Exceeded,49,Regular,7,2,3,Android,Chennai,23,TX122275,Not Recovered,Not Recovered,46.5
1264.31,Debit Card,Card Expired,49,Regular,2,2,2,Android,Pune,10,TX112823,Not Recovered,Not Recovered,29.0
1280.02,UPI,Limit Exceeded,52,New,3,2,2,Web,Mumbai,13,TX139401,Recovered,Not Recovered,34.5
116.1,Credit Card,Limit Exceeded,46,Regular,8,4,2,iOS,Ahmedabad,7,TX147137,Not Recovered,Not Recovered,41.5
88.28,UPI,Transaction Timeout,44,New,8,1,3,iOS,Nagpur,4,TX136895,Not Recovered,Recovered,52.5
1380.54,UPI,Incorrect Details,19,New,3,0,3,Web,Delhi,0,TX136222,Not Recovered,Not Recovered,36.0
435.46,UPI,Limit Exceeded,21,Regular,10,2,1,Android,Mumbai,2,TX104300,Recovered,Recovered,83.0
416.43,UPI,Incorrect Details,27,New,6,1,0,Android,Chennai,5,TX136570,Not Recovered,Recovered,59.5
141.48,UPI,Card Expired,50,Regular,2,1,3,iOS,Ahmedabad,19,TX142145,Not Recovered,Not Recovered,25.0
1422.71,Debit Card,Network Error,26,New,9,3,0,Android,Pune,16,TX145024,Recovered,Recovered,68.0
1517.95,Debit Card,Incorrect Details,21,Regular,3,2,1,Android,Delhi,15,TX132810,Not Recovered,Not Recovered,35.0
113.4,Credit Card,Network Error,55,Regular,8,4,0,iOS,Jaipur,17,TX102039,Recovered,Recovered,58.5
294.06,UPI,Network Error,49,Regular,8,1,3,iOS,Ahmedabad,0,TX103386,Recovered,Recovered,67.0
721.72,UPI,Insufficient Funds,25,Regular,9,2,0,iOS,Delhi,1,TX121869,Recovered,Recovered,83.5
2097.47,Net Banking,Limit Exceeded,25,Regular,13,7,1,Android,Nagpur,8,TX141034,Recovered,Recovered,69.0
54.81,Debit Card,Incorrect Details,19,New,5,2,1,Android,Ahmedabad,16,TX149889,Not Recovered,Not Recovered,41.5
296.02,UPI,Incorrect Details,55,Regular,11,4,3,Android,Ahmedabad,18,TX114008,Recovered,Recovered,67.0
361.51,UPI,Card Expired,21,Regular,5,2,2,Android,Kolkata,11,TX142529,Recovered,Not Recovered,29.5
765.77,Credit Card,Network Error,42,New,10,0,0,Android,Kolkata,13,TX101530,Recovered,Recovered,91.0
900.87,UPI,Incorrect Details,35,Regular,5,3,0,Web,Delhi,3,TX146049,Not Recovered,Not Recovered,31.5
167.28,UPI,Transaction Timeout,50,Regular,5,1,0,iOS,Hyderabad,2,TX123522,Recovered,Recovered,50.5
2746.71,UPI,Bank Error,35,Regular,6,3,2,Android,Chennai,16,TX145188,Recovered,Not Recovered,44.5
1866.19,UPI,Bank Error,55,New,13,2,3,Android,Bangalore,6,TX107696,Recovered,Recovered,69.5
545.33,UPI,Bank Error,37,Premium,6,1,2,Android,Ahmedabad,0,TX115017,Not Recovered,Not Recovered,42.5
281.35,Debit Card,Bank Error,57,Regular,5,2,3,Android,Bangalore,10,TX137328,Recovered,Not Recovered,29.5
6230.58,Credit Card,Transaction Timeout,29,New,11,2,3,iOS,Mumbai,20,TX143551,Recovered,Recovered,67.0
580.94,Net Banking,Bank Error,27,Premium,6,0,1,iOS,Kolkata,4,TX134504,Recovered,Recovered,64.5
4375.27,UPI,Insufficient Funds,46,New,6,1,3,iOS,Jaipur,11,TX135849,Recovered,Not Recovered,42.0
360.05,UPI,Network Error,30,Regular,10,2,3,iOS,Nagpur,14,TX141387,Recovered,Recovered,58.5
1049.39,UPI,Network Error,23,Regular,8,2,0,Android,Hyderabad,8,TX116201,Recovered,Recovered,79.0
131.74,Debit Card,Insufficient Funds,55,New,8,4,0,Web,Delhi,0,TX108582,Recovered,Recovered,56.5
351.2,UPI,Incorrect Details,25,Premium,6,3,2,Android,Jaipur,1,TX134244,Recovered,Not Recovered,41.0
1248.53,Net Banking,Network Error,29,Regular,4,3,3,Android,Jaipur,3,TX125178,Recovered,Not Recovered,20.5
566.69,Credit Card,Limit Exceeded,26,New,8,1,1,Android,Chennai,9,TX147310,Not Recovered,Recovered,80.0
292.42,Debit Card,Incorrect Details,39,Regular,8,5,2,Web,Ahmedabad,13,TX139319,Recovered,Recovered,54.0
241.39,Debit Card,Bank Error,20,Regular,11,1,3,Android,Hyderabad,17,TX111695,Recovered,Recovered,64.5
1503.84,UPI,Network Error,58,Regular,7,2,1,iOS,Chennai,19,TX130182,Not Recovered,Recovered,56.0
1791.2,Wallet,Card Expired,32,New,6,2,3,Android,Hyderabad,18,TX140821,Recovered,Not Recovered,43.0
684.84,Credit Card,Incorrect Details,33,Regular,5,0,0,Web,Jaipur,1,TX121953,Recovered,Recovered,58.0
432.36,Debit Card,Insufficient Funds,34,Regular,4,4,0,Android,Pune,14,TX120760,Recovered,Not Recovered,38.5
122.72,UPI,Bank Error,42,Regular,6,3,0,Android,Delhi,20,TX146769,Recovered,Recovered,64.5
378.4,Credit Card,Network Error,33,New,7,5,3,Android,Mumbai,3,TX127322,Recovered,Not Recovered,30.5
1643.13,UPI,Network Error,26,Premium,4,4,1,iOS,Jaipur,15,TX143534,Recovered,Not Recovered,29.5
779.57,Debit Card,Bank Error,59,Regular,4,1,3,iOS,Hyderabad,16,TX149644,Not Recovered,Not Recovered,43.5
836.02,Wallet,Insufficient Funds,24,Regular,1,2,3,iOS,Pune,6,TX136654,Not Recovered,Not Recovered,25.0
416.27,Net Banking,Network Error,45,Regular,8,6,1,iOS,Chennai,7,TX119991,Recovered,Recovered,51.5
1333.74,UPI,Network Error,56,Regular,7,1,1,Android,Delhi,1,TX115518,Recovered,Not Recovered,47.5
1128.38,Credit Card,Insufficient Funds,32,Premium,7,1,0,Web,Chennai,9,TX114719,Recovered,Recovered,56.5
1203.38,Net Banking,Incorrect Details,35,Regular,11,3,0,Android,Kolkata,12,TX148722,Recovered,Recovered,79.0
272.74,Credit Card,Card Expired,47,Premium,6,3,3,Android,Mumbai,3,TX148690,Not Recovered,Not Recovered,40.0
522.09,Wallet,Incorrect Details,56,Regular,8,2,3,Android,Mumbai,9,TX138069,Recovered,Recovered,72.0
241.13,Debit Card,Card Expired,30,Regular,13,1,3,Android,Kolkata,12,TX139812,Recovered,Recovered,82.5
210.35,Net Banking,Card Expired,43,New,7,2,3,iOS,Jaipur,4,TX109173,Recovered,Recovered,62.0
4117.18,UPI,Limit Exceeded,52,New,4,3,2,iOS,Kolkata,10,TX131224,Not Recovered,Not Recovered,23.0
617.22,Wallet,Transaction Timeout,51,New,12,1,0,Android,Jaipur,8,TX116779,Recovered,Recovered,89.5
246.82,UPI,Incorrect Details,54,New,3,3,2,Android,Mumbai,10,TX126602,Not Recovered,Not Recovered,26.5
3847.13,Credit Card,Transaction Timeout,22,Regular,5,3,1,iOS,Chennai,21,TX121774,Not Recovered,Not Recovered,49.0
95.69,UPI,Limit Exceeded,54,Regular,13,2,1,Android,Hyderabad,11,TX146326,Recovered,Recovered,74.0
1724.81,Debit Card,Bank Error,45,Regular,7,2,2,Web,Nagpur,7,TX101757,Recovered,Not Recovered,48.0
1017.16,Credit Card,Incorrect Details,43,Regular,3,1,1,Android,Hyderabad,17,TX148326,Recovered,Not Recovered,38.5
2200.23,Net Banking,Incorrect Details,58,Regular,9,3,3,iOS,Hyderabad,19,TX147508,Not Recovered,Recovered,67.5
417.7,Credit Card,Incorrect Details,47,Regular,8,3,2,Web,Kolkata,17,TX115324,Not Recovered,Recovered,66.5
197.16,Debit Card,Insufficient Funds,45,New,5,0,2,Web,Mumbai,21,TX132663,Not Recovered,Not Recovered,44.0
295.26,Net Banking,Card Expired,47,Regular,10,1,1,iOS,Nagpur,1,TX124674,Recovered,Recovered,82.0
290.9,Credit Card,Bank Error,54,Regular,10,2,0,iOS,Hyderabad,12,TX124300,Not Recovered,Recovered,68.0
184.46,Net Banking,Incorrect Details,42,Premium,16,1,3,Web,Mumbai,16,TX118867,Recovered,Recovered,70.5
1229.24,UPI,Card Expired,46,New,3,3,3,Android,Bangalore,8,TX122637,Recovered,Not Recovered,17.0
432.5,Net Banking,Insufficient Funds,38,Regular,3,2,0,iOS,Mumbai,6,TX118008,Not Recovered,Not Recovered,32.5
2032.52,Wallet,Transaction Timeout,53,New,6,4,2,Android,Jaipur,23,TX147769,Recovered,Not Recovered,43.0
650.25,Debit Card,Bank Error,55,Premium,5,1,2,iOS,Ahmedabad,13,TX115310,Recovered,Not Recovered,33.0
4802.68,UPI,Incorrect Details,20,New,6,3,3,iOS,Kolkata,9,TX141534,Not Recovered,Not Recovered,40.5
826.68,Credit Card,Card Expired,48,Regular,7,2,2,Android,Kolkata,23,TX120873,Recovered,Recovered,56.0
295.92,Debit Card,Limit Exceeded,59,New,10,0,0,Android,Mumbai,17,TX122006,Recovered,Recovered,90.5
3481.27,UPI,Limit Exceeded,40,Regular,5,1,3,Android,Jaipur,8,TX126430,Not Recovered,Not Recovered,42.0
751.41,Net Banking,Incorrect Details,22,New,7,2,2,iOS,Chennai,1,TX130039,Not Recovered,Recovered,66.5
258.09,UPI,Incorrect Details,52,Regular,5,3,1,Web,Kolkata,1,TX141587,Not Recovered,Not Recovered,47.5
813.01,Debit Card,Bank Error,38,New,5,0,1,Web,Jaipur,10,TX110101,Not Recovered,Recovered,60.0
630.84,Credit Card,Bank Error,32,Regular,8,5,0,iOS,Ahmedabad,14,TX136683,Recovered,Not Recovered,46.0
116.31,UPI,Card Expired,29,Regular,6,4,1,iOS,Bangalore,12,TX122403,Not Recovered,Not Recovered,38.5
596.44,Debit Card,Transaction Timeout,39,New,12,3,1,Web,Hyderabad,14,TX105826,Recovered,Recovered,80.5
358.38,UPI,Incorrect Details,36,Regular,7,1,2,iOS,Delhi,6,TX140945,Recovered,Not Recovered,49.0
539.42,Debit Card,Transaction Timeout,21,Premium,8,2,1,Web,Mumbai,20,TX142067,Not Recovered,Recovered,67.5
253.31,Net Banking,Card Expired,23,Regular,10,1,3,Web,Kolkata,2,TX112633,Recovered,Recovered,78.5
1016.45,UPI,Network Error,19,Premium,3,0,0,Android,Chennai,22,TX103708,Not Recovered,Not Recovered,43.5
614.65,Debit Card,Limit Exceeded,54,Premium,5,3,1,Web,Chennai,0,TX140678,Not Recovered,Not Recovered,38.5
638.93,Credit Card,Incorrect Details,30,New,13,1,0,Android,Delhi,8,TX110426,Recovered,Recovered,90.5
2185.7,UPI,Limit Exceeded,23,New,12,3,0,Web,Ahmedabad,18,TX138510,Recovered,Recovered,77.0
642.54,Debit Card,Insufficient Funds,19,Regular,5,4,1,Android,Mumbai,8,TX108694,Not Recovered,Not Recovered,38.5
516.0,Debit Card,Bank Error,38,Regular,8,1,3,iOS,Delhi,15,TX122577,Recovered,Recovered,51.5
455.88,Debit Card,Bank Error,18,New,9,1,2,Android,Delhi,19,TX147673,Recovered,Recovered,67.5
384.63,UPI,Bank Error,37,New,5,2,1,Android,Mumbai,18,TX129353,Not Recovered,Not Recovered,49.5
1176.69,UPI,Transaction Timeout,19,Regular,4,0,1,iOS,Nagpur,17,TX131744,Recovered,Recovered,63.5
1103.66,UPI,Card Expired,54,Regular,15,2,3,Android,Delhi,11,TX112332,Recovered,Recovered,73.5
1556.56,Credit Card,Incorrect Details,22,Regular,9,1,1,iOS,Hyderabad,2,TX125915,Recovered,Recovered,79.0
684.73,UPI,Bank Error,28,New,5,2,2,Android,Hyderabad,4,TX137225,Not Recovered,Not Recovered,39.5
674.17,UPI,Insufficient Funds,45,Regular,4,3,1,iOS,Jaipur,4,TX148613,Recovered,Not Recovered,29.5
450.45,Credit Card,Incorrect Details,36,Regular,5,2,1,iOS,Ahmedabad,17,TX116727,Not Recovered,Not Recovered,49.5
1646.19,Net Banking,Transaction Timeout,46,Regular,6,1,3,Android,Ahmedabad,4,TX125426,Recovered,Recovered,55.0
1654.68,UPI,Limit Exceeded,36,Regular,6,2,3,Android,Hyderabad,1,TX102974,Not Recovered,Not Recovered,48.5
261.81,UPI,Network Error,34,Premium,8,3,1,Android,Chennai,6,TX143092,Recovered,Recovered,71.0
2475.87,Debit Card,Transaction Timeout,49,Regular,7,2,2,iOS,Kolkata,10,TX128090,Recovered,Not Recovered,44.5
4584.88,Debit Card,Transaction Timeout,34,Premium,8,0,0,Web,Nagpur,1,TX142413,Not Recovered,Recovered,69.5
2761.78,UPI,Incorrect Details,46,New,7,3,2,Web,Ahmedabad,23,TX123842,Not Recovered,Recovered,51.0
484.55,UPI,Card Expired,50,New,3,2,1,Android,Mumbai,20,TX141160,Not Recovered,Not Recovered,45.5
290.45,Credit Card,Transaction Timeout,44,New,6,2,2,Android,Pune,17,TX137023,Not Recovered,Recovered,54.0
1050.82,Net Banking,Insufficient Funds,56,New,5,2,3,Web,Nagpur,1,TX105782,Not Recovered,Not Recovered,41.5
688.24,UPI,Card Expired,46,Regular,4,2,3,iOS,Hyderabad,0,TX111801,Not Recovered,Not Recovered,22.0
383.33,UPI,Transaction Timeout,30,Regular,12,0,1,iOS,Nagpur,6,TX109759,Not Recovered,Recovered,86.0
314.7,UPI,Incorrect Details,57,New,5,2,0,Android,Delhi,5,TX123367,Recovered,Not Recovered,47.0
253.46,Net Banking,Network Error,38,New,8,3,1,iOS,Chennai,23,TX107177,Not Recovered,Recovered,64.5
1298.21,Debit Card,Transaction Timeout,20,Regular,4,2,3,iOS,Kolkata,4,TX102325,Not Recovered,Not Recovered,38.5
1732.88,Credit Card,Card Expired,52,Regular,4,1,1,Android,Mumbai,1,TX106193,Not Recovered,Not Recovered,42.0
381.07,UPI,Insufficient Funds,20,Regular,8,1,3,Android,Ahmedabad,17,TX140735,Not Recovered,Recovered,54.5
1578.95,UPI,Transaction Timeout,41,New,7,4,2,iOS,Delhi,16,TX125964,Recovered,Not Recovered,34.5
597.66,Net Banking,Limit Exceeded,20,Premium,10,5,1,Web,Jaipur,3,TX105786,Not Recovered,Recovered,69.0
353.54,UPI,Bank Error,23,New,7,1,1,Web,Delhi,5,TX124357,Recovered,Recovered,50.0
704.19,Debit Card,Insufficient Funds,18,Regular,8,2,2,Web,Jaipur,3,TX121135,Recovered,Recovered,68.0
3428.73,UPI,Card Expired,30,Premium,10,2,0,Android,Jaipur,14,TX128019,Recovered,Recovered,82.5
927.33,Debit Card,Bank Error,25,Premium,4,1,1,Android,Nagpur,0,TX100414,Not Recovered,Recovered,52.0
169.05,Debit Card,Card Expired,30,Regular,8,2,3,Android,Mumbai,9,TX126765,Not Recovered,Recovered,60.0
1101.56,UPI,Incorrect Details,22,Regular,6,1,2,Android,Delhi,7,TX104233,Recovered,Recovered,53.0
1590.37,UPI,Insufficient Funds,45,Regular,4,3,2,iOS,Delhi,13,TX110691,Not Recovered,Not Recovered,21.5
2734.73,Credit Card,Card Expired,40,Regular,9,1,0,Android,Jaipur,1,TX136307,Recovered,Recovered,77.5
6343.31,UPI,Network Error,38,Regular,6,4,3,iOS,Delhi,23,TX143398,Recovered,Not Recovered,39.0
857.25,Net Banking,Bank Error,26,Regular,4,1,2,Android,Pune,15,TX123073,Recovered,Not Recovered,31.5
1796.87,Net Banking,Card Expired,45,New,3,1,0,Web,Ahmedabad,15,TX148733,Recovered,Not Recovered,45.5
58.04,Debit Card,Transaction Timeout,28,New,9,3,2,Android,Pune,0,TX102066,Recovered,Recovered,50.5
413.94,Net Banking,Bank Error,48,Premium,10,1,3,iOS,Ahmedabad,21,TX145534,Recovered,Recovered,60.0
1573.0,UPI,Bank Error,49,Regular,9,4,0,iOS,Bangalore,20,TX129939,Recovered,Recovered,64.0
168.42,Credit Card,Limit Exceeded,49,Regular,4,1,0,Android,Mumbai,16,TX126460,Recovered,Recovered,60.5
944.05,Credit Card,Card Expired,21,Premium,12,3,3,Web,Ahmedabad,18,TX135213,Recovered,Recovered,76.0
503.8,UPI,Transaction Timeout,34,New,7,3,0,Android,Pune,15,TX128436,Recovered,Recovered,57.5
294.45,Debit Card,Transaction Timeout,45,Premium,4,2,1,Android,Mumbai,23,TX141169,Not Recovered,Recovered,60.0
374.76,Debit Card,Insufficient Funds,30,Regular,8,1,2,Android,Nagpur,11,TX111261,Recovered,Recovered,76.0
1824.08,UPI,Card Expired,56,Premium,12,5,1,Android,Kolkata,14,TX145265,Not Recovered,Recovered,76.5
382.99,Wallet,Bank Error,43,New,6,0,2,iOS,Nagpur,22,TX146198,Not Recovered,Recovered,64.5
908.67,UPI,Network Error,38,New,4,1,1,Android,Hyderabad,22,TX130274,Recovered,Recovered,52.0
3270.41,UPI,Card Expired,20,New,6,2,2,Android,Pune,7,TX104728,Not Recovered,Not Recovered,45.0
1055.93,UPI,Insufficient Funds,45,New,8,4,3,Web,Jaipur,13,TX102191,Recovered,Not Recovered,46.0
1396.64,UPI,Card Expired,42,New,7,3,1,iOS,Hyderabad,0,TX106271,Not Recovered,Recovered,53.5
893.5,Debit Card,Incorrect Details,28,Regular,8,1,3,iOS,Mumbai,23,TX108415,Not Recovered,Recovered,57.5
1503.93,Debit Card,Incorrect Details,47,Regular,3,3,3,Android,Kolkata,2,TX136643,Not Recovered,Not Recovered,24.5
560.45,Credit Card,Network Error,51,Regular,9,1,3,Android,Mumbai,1,TX108339,Not Recovered,Recovered,80.5
734.45,Credit Card,Bank Error,43,New,8,0,3,Android,Ahmedabad,4,TX136977,Recovered,Recovered,70.0
767.69,Wallet,Insufficient Funds,21,Regular,12,3,0,Android,Ahmedabad,4,TX127904,Recovered,Recovered,83.5
512.39,Debit Card,Limit Exceeded,52,Regular,8,5,1,iOS,Ahmedabad,21,TX147927,Not Recovered,Recovered,59.0
719.18,Net Banking,Transaction Timeout,33,New,10,3,1,Android,Bangalore,19,TX118466,Recovered,Recovered,70.5
3600.48,Debit Card,Limit Exceeded,40,New,7,1,0,Web,Hyderabad,23,TX116168,Recovered,Recovered,61.5
190.53,UPI,Limit Exceeded,57,New,6,3,0,Android,Bangalore,9,TX110429,Recovered,Recovered,58.5
1453.35,Credit Card,Insufficient Funds,57,Premium,3,3,0,iOS,Bangalore,15,TX145103,Not Recovered,Not Recovered,37.5
218.63,UPI,Card Expired,28,Regular,6,2,1,Android,Delhi,14,TX145511,Recovered,Not Recovered,41.0
342.35,Credit Card,Card Expired,53,Regular,4,3,2,iOS,Ahmedabad,13,TX144683,Not Recovered,Not Recovered,30.0
1298.2,Wallet,Card Expired,58,Regular,7,0,0,Android,Chennai,7,TX123704,Recovered,Recovered,62.0
147.99,Net Banking,Limit Exceeded,55,New,6,2,3,iOS,Pune,21,TX105519,Not Recovered,Recovered,53.5
736.14,Credit Card,Incorrect Details,25,Regular,8,1,0,iOS,Jaipur,8,TX111664,Recovered,Recovered,78.5
2555.33,Credit Card,Insufficient Funds,35,Regular,5,2,3,Web,Pune,3,TX107931,Not Recovered,Not Recovered,32.5
328.74,UPI,Incorrect Details,36,New,9,3,2,Web,Delhi,9,TX143184,Recovered,Recovered,81.5
302.61,UPI,Transaction Timeout,57,Premium,11,2,3,Android,Jaipur,0,TX114110,Recovered,Recovered,63.5
1344.28,Debit Card,Insufficient Funds,36,New,8,1,2,Android,Chennai,21,TX129364,Recovered,Not Recovered,48.5
444.48,UPI,Incorrect Details,59,New,7,3,0,Android,Nagpur,17,TX119778,Recovered,Recovered,60.0
1158.48,Debit Card,Bank Error,49,Premium,12,2,1,Android,Pune,6,TX119823,Recovered,Recovered,80.5
2042.93,Credit Card,Transaction Timeout,21,Regular,6,2,1,Web,Jaipur,8,TX116035,Recovered,Recovered,58.5
3043.77,Credit Card,Limit Exceeded,25,New,6,1,3,Android,Bangalore,17,TX113840,Not Recovered,Not Recovered,38.0
199.65,UPI,Limit Exceeded,50,Regular,4,5,0,Android,Kolkata,11,TX149296,Recovered,Not Recovered,40.0
3812.75,Credit Card,Transaction Timeout,50,New,12,1,3,Android,Pune,16,TX131244,Not Recovered,Recovered,61.0
682.24,Debit Card,Limit Exceeded,18,Regular,9,1,1,iOS,Nagpur,3,TX105951,Recovered,Recovered,74.5
3718.47,Credit Card,Network Error,38,New,2,1,1,Android,Mumbai,3,TX144153,Recovered,Not Recovered,35.0
2316.52,UPI,Insufficient Funds,21,Regular,4,2,0,iOS,Mumbai,0,TX129210,Not Recovered,Not Recovered,41.0
270.43,Credit Card,Insufficient Funds,45,Premium,4,2,1,Web,Nagpur,12,TX149300,Recovered,Recovered,55.0
1094.5,Credit Card,Insufficient Funds,44,Regular,4,2,0,iOS,Bangalore,16,TX146592,Not Recovered,Recovered,66.0
281.07,UPI,Incorrect Details,36,Regular,9,2,2,Web,Nagpur,15,TX137842,Not Recovered,Recovered,78.5
640.23,Wallet,Card Expired,18,New,8,1,0,Android,Jaipur,11,TX117450,Recovered,Recovered,71.0
462.4,Credit Card,Insufficient Funds,31,Regular,11,4,1,Android,Chennai,12,TX106231,Recovered,Recovered,87.5
1029.22,UPI,Bank Error,49,Premium,4,8,2,Web,Mumbai,7,TX101592,Not Recovered,Not Recovered,16.0
211.93,UPI,Incorrect Details,54,New,14,1,1,Android,Hyderabad,17,TX136692,Recovered,Recovered,81.5
1558.29,Debit Card,Network Error,48,Regular,4,2,2,Android,Mumbai,15,TX114988,Recovered,Not Recovered,28.0
526.77,UPI,Insufficient Funds,45,Premium,9,2,0,Android,Delhi,6,TX132944,Recovered,Recovered,80.0
251.88,Debit Card,Transaction Timeout,43,Regular,5,1,0,Web,Chennai,21,TX108491,Not Recovered,Recovered,64.5
1590.75,UPI,Card Expired,43,Regular,7,2,1,iOS,Nagpur,3,TX131858,Recovered,Recovered,52.0
6336.22,UPI,Insufficient Funds,59,New,8,2,2,iOS,Bangalore,10,TX108039,Recovered,Not Recovered,47.0
450.33,Debit Card,Bank Error,42,Regular,5,1,0,Android,Bangalore,13,TX143361,Not Recovered,Recovered,65.0
499.61,UPI,Transaction Timeout,41,New,8,0,2,iOS,Chennai,13,TX137258,Not Recovered,Recovered,59.5
1020.04,Wallet,Insufficient Funds,18,New,7,1,3,Android,Chennai,14,TX140397,Not Recovered,Recovered,52.0
311.17,UPI,Bank Error,40,Regular,4,4,1,Web,Bangalore,4,TX107360,Not Recovered,Not Recovered,21.5
98.49,Debit Card,Insufficient Funds,40,Regular,5,1,0,iOS,Kolkata,17,TX133723,Recovered,Recovered,61.0
468.76,Credit Card,Limit Exceeded,58,New,9,0,2,Android,Pune,21,TX141822,Recovered,Recovered,77.5
267.62,UPI,Insufficient Funds,26,Regular,9,4,3,iOS,Delhi,9,TX121566,Not Recovered,Recovered,53.5
559.59,Wallet,Network Error,18,Premium,8,4,2,Web,Kolkata,7,TX103244,Recovered,Recovered,56.0
687.87,UPI,Insufficient Funds,32,Regular,7,3,1,iOS,Bangalore,4,TX119653,Recovered,Not Recovered,44.5
2166.01,UPI,Limit Exceeded,57,New,11,3,1,Android,Jaipur,21,TX120369,Recovered,Recovered,73.5
3604.43,UPI,Incorrect Details,34,Regular,11,1,3,Android,Nagpur,7,TX128573,Recovered,Recovered,72.0
444.32,UPI,Network Error,49,New,9,1,2,iOS,Mumbai,5,TX148616,Recovered,Recovered,69.0
514.91,UPI,Transaction Timeout,25,Regular,9,1,0,iOS,Hyderabad,4,TX145723,Recovered,Recovered,86.5
310.65,Credit Card,Card Expired,32,Regular,9,2,2,iOS,Jaipur,1,TX126241,Recovered,Recovered,67.5
978.11,Wallet,Card Expired,25,Premium,6,2,2,Web,Jaipur,4,TX141683,Recovered,Not Recovered,42.5
1250.34,Debit Card,Transaction Timeout,36,Regular,9,3,3,Android,Ahmedabad,9,TX140955,Not Recovered,Recovered,56.5
2989.1,Credit Card,Card Expired,28,Regular,8,1,0,Android,Mumbai,13,TX119683,Not Recovered,Recovered,79.5
518.07,Debit Card,Transaction Timeout,33,Regular,11,3,2,Android,Delhi,3,TX109419,Not Recovered,Recovered,81.5
1112.2,Wallet,Limit Exceeded,33,Regular,4,1,3,Android,Chennai,23,TX146532,Not Recovered,Not Recovered,37.0
180.2,UPI,Insufficient Funds,51,Premium,5,8,2,Android,Delhi,14,TX147822,Not Recovered,Not Recovered,27.5
1176.85,Credit Card,Limit Exceeded,26,Regular,8,3,0,Web,Kolkata,8,TX100523,Not Recovered,Recovered,83.0
3601.8,UPI,Transaction Timeout,46,Premium,8,3,2,Android,Delhi,3,TX105540,Recovered,Recovered,60.5
1114.06,Credit Card,Bank Error,58,Regular,4,1,2,Android,Mumbai,17,TX131661,Recovered,Not Recovered,42.5
308.18,UPI,Limit Exceeded,54,New,7,3,1,iOS,Delhi,2,TX127977,Recovered,Recovered,54.0
209.37,Wallet,Limit Exceeded,51,Regular,10,1,0,iOS,Chennai,16,TX124726,Recovered,Recovered,82.0
301.11,Debit Card,Card Expired,33,Premium,7,1,2,Android,Pune,21,TX100240,Recovered,Recovered,55.5
388.41,Debit Card,Transaction Timeout,57,Regular,4,2,3,Android,Ahmedabad,23,TX111138,Not Recovered,Not Recovered,40.5
517.09,Debit Card,Bank Error,39,Regular,4,5,0,Android,Mumbai,9,TX120908,Not Recovered,Recovered,51.0
851.12,UPI,Insufficient Funds,24,Regular,6,1,3,Android,Chennai,14,TX118367,Recovered,Not Recovered,38.0
983.09,UPI,Network Error,59,Premium,1,1,1,Android,Chennai,7,TX102418,Recovered,Not Recovered,39.0
560.13,Wallet,Bank Error,52,New,8,0,0,Android,Jaipur,19,TX121602,Recovered,Recovered,81.5
198.31,Net Banking,Insufficient Funds,30,Regular,8,4,0,iOS,Ahmedabad,20,TX106177,Recovered,Not Recovered,45.0
1137.41,UPI,Limit Exceeded,55,New,3,3,2,iOS,Mumbai,19,TX101304,Not Recovered,Not Recovered,25.0
597.78,Debit Card,Incorrect Details,54,New,7,3,0,iOS,Bangalore,15,TX130992,Recovered,Recovered,65.5
378.61,Net Banking,Bank Error,32,Premium,9,4,1,Android,Ahmedabad,4,TX140279,Recovered,Recovered,58.5
1042.34,Debit Card,Transaction Timeout,20,New,4,2,3,Web,Bangalore,13,TX134945,Recovered,Not Recovered,41.0
1290.62,UPI,Limit Exceeded,20,Regular,7,4,1,Android,Ahmedabad,10,TX101440,Recovered,Recovered,50.0
273.75,UPI,Insufficient Funds,25,Premium,2,2,3,Web,Kolkata,14,TX104259,Recovered,Not Recovered,29.0
263.88,UPI,Bank Error,53,Regular,9,1,2,Web,Jaipur,23,TX125904,Recovered,Recovered,66.0
231.24,Debit Card,Bank Error,29,Regular,9,1,2,iOS,Chennai,21,TX102963,Recovered,Recovered,61.0
2558.38,UPI,Incorrect Details,45,Regular,9,0,3,Android,Kolkata,14,TX137177,Recovered,Recovered,66.5
140.61,Credit Card,Network Error,22,Regular,7,1,1,iOS,Kolkata,21,TX148340,Recovered,Recovered,70.0
871.39,Debit Card,Insufficient Funds,25,Regular,11,1,3,iOS,Nagpur,21,TX112532,Not Recovered,Recovered,66.0
2132.38,Debit Card,Bank Error,37,Regular,11,1,1,Web,Pune,12,TX142616,Recovered,Recovered,78.5
924.56,Debit Card,Card Expired,50,Regular,4,3,1,Android,Bangalore,13,TX140721,Recovered,Not Recovered,33.0
1427.8,Credit Card,Card Expired,40,Regular,6,2,2,Android,Nagpur,1,TX131521,Recovered,Not Recovered,41.5
855.32,Debit Card,Limit Exceeded,55,Regular,5,1,2,Android,Pune,18,TX103115,Recovered,Not Recovered,23.0
649.34,Credit Card,Insufficient Funds,34,New,4,3,1,Android,Hyderabad,4,TX121467,Not Recovered,Not Recovered,34.5
464.53,Debit Card,Transaction Timeout,34,New,7,3,2,Web,Pune,20,TX145779,Not Recovered,Not Recovered,41.5
4245.86,UPI,Limit Exceeded,59,New,7,3,1,iOS,Hyderabad,1,TX145715,Recovered,Recovered,56.5
594.42,Debit Card,Insufficient Funds,28,New,9,2,2,iOS,Kolkata,11,TX146655,Recovered,Recovered,58.5
645.68,Debit Card,Insufficient Funds,25,New,3,3,1,Android,Nagpur,17,TX108807,Not Recovered,Not Recovered,36.0
452.87,Credit Card,Network Error,53,New,9,2,0,Android,Pune,2,TX131444,Recovered,Recovered,78.0
293.71,Debit Card,Bank Error,35,Regular,6,3,0,iOS,Chennai,16,TX130748,Recovered,Recovered,63.0
390.87,Credit Card,Incorrect Details,56,Premium,5,3,2,iOS,Hyderabad,7,TX132865,Recovered,Not Recovered,40.5
3071.89,Net Banking,Transaction Timeout,49,New,11,3,0,iOS,Mumbai,7,TX116115,Recovered,Recovered,80.0
3494.17,Credit Card,Incorrect Details,52,New,5,2,3,Web,Bangalore,3,TX148196,Not Recovered,Not Recovered,38.5
546.87,Debit Card,Network Error,30,New,5,2,3,Web,Chennai,14,TX121750,Not Recovered,Not Recovered,33.5
343.94,Debit Card,Card Expired,49,Premium,7,1,0,Android,Kolkata,6,TX149526,Not Recovered,Recovered,58.5
761.7,Net Banking,Network Error,32,Regular,8,2,2,Android,Pune,12,TX146411,Recovered,Recovered,70.5
2003.25,UPI,Incorrect Details,26,New,5,1,0,iOS,Bangalore,2,TX123109,Not Recovered,Recovered,55.5
362.43,UPI,Limit Exceeded,38,Regular,7,1,2,iOS,Kolkata,3,TX141267,Recovered,Recovered,58.0
608.6,Net Banking,Incorrect Details,37,New,8,3,0,Web,Hyderabad,15,TX121919,Recovered,Recovered,74.0
509.06,Net Banking,Card Expired,33,New,5,1,0,Android,Delhi,17,TX139581,Recovered,Recovered,55.0
1030.66,UPI,Insufficient Funds,43,New,4,1,1,Android,Jaipur,3,TX138211,Not Recovered,Not Recovered,44.0
3068.96,Credit Card,Insufficient Funds,41,Regular,8,4,0,Android,Chennai,3,TX132683,Recovered,Recovered,76.5
160.14,UPI,Bank Error,53,New,4,4,3,iOS,Nagpur,7,TX122631,Not Recovered,Not Recovered,22.5
50.0,Net Banking,Insufficient Funds,26,Regular,5,1,0,Android,Hyderabad,8,TX114715,Recovered,Recovered,60.5
471.48,UPI,Incorrect Details,27,Regular,4,2,1,Android,Ahmedabad,20,TX148008,Not Recovered,Not Recovered,45.5
5952.93,Debit Card,Incorrect Details,36,Premium,4,6,2,Web,Hyderabad,13,TX112751,Not Recovered,Not Recovered,30.5
341.58,UPI,Card Expired,58,New,6,0,1,Android,Nagpur,12,TX139810,Not Recovered,Not Recovered,42.0
1223.22,UPI,Incorrect Details,22,Regular,7,5,1,iOS,Ahmedabad,7,TX109348,Not Recovered,Not Recovered,49.5
1101.89,Net Banking,Insufficient Funds,39,New,14,3,0,Android,Jaipur,1,TX121538,Recovered,Recovered,74.5
868.81,UPI,Network Error,36,Premium,11,3,0,Web,Pune,21,TX101806,Recovered,Recovered,73.5
756.67,UPI,Insufficient Funds,20,New,2,0,0,Web,Ahmedabad,4,TX133597,Not Recovered,Not Recovered,45.0
2511.26,UPI,Bank Error,25,Regular,8,2,2,Android,Mumbai,14,TX137839,Not Recovered,Recovered,60.0
104.11,Credit Card,Incorrect Details,50,Premium,12,2,2,Web,Mumbai,13,TX135195,Recovered,Recovered,78.5
238.03,Credit Card,Insufficient Funds,27,New,6,5,1,Android,Delhi,12,TX141874,Recovered,Not Recovered,41.5
2428.45,Debit Card,Incorrect Details,57,Regular,6,0,3,Android,Bangalore,11,TX110847,Recovered,Not Recovered,37.5
2140.35,Debit Card,Bank Error,32,Regular,4,2,3,Web,Mumbai,7,TX112318,Not Recovered,Not Recovered,28.0
240.12,Debit Card,Insufficient Funds,59,New,6,0,2,Android,Bangalore,23,TX134405,Recovered,Recovered,61.0
229.44,UPI,Network Error,35,Regular,12,3,3,Android,Bangalore,4,TX121551,Recovered,Recovered,52.0
628.72,Debit Card,Limit Exceeded,27,Regular,4,1,0,iOS,Delhi,7,TX132368,Recovered,Recovered,50.0
174.52,UPI,Incorrect Details,39,New,8,2,3,Android,Pune,18,TX138842,Recovered,Not Recovered,49.5
388.47,Debit Card,Card Expired,27,Regular,4,4,0,Android,Mumbai,15,TX122744,Recovered,Recovered,50.5
896.2,Credit Card,Incorrect Details,27,New,13,1,1,Android,Nagpur,9,TX103251,Recovered,Recovered,84.5
1774.28,UPI,Incorrect Details,58,Regular,5,1,3,iOS,Delhi,15,TX108882,Not Recovered,Not Recovered,31.5
417.77,Credit Card,Bank Error,59,Regular,13,1,3,Web,Hyderabad,13,TX145094,Recovered,Recovered,72.5
1040.3,Credit Card,Limit Exceeded,40,Regular,10,3,2,Android,Hyderabad,3,TX119485,Recovered,Recovered,73.0
2186.38,UPI,Card Expired,28,New,4,0,3,Android,Jaipur,19,TX124570,Not Recovered,Not Recovered,27.5
2201.54,Debit Card,Incorrect Details,31,Regular,3,4,0,Android,Pune,13,TX105823,Recovered,Not Recovered,31.5
690.91,UPI,Bank Error,21,Premium,3,3,2,Android,Kolkata,10,TX101026,Not Recovered,Not Recovered,15.0
105.73,UPI,Limit Exceeded,56,New,10,3,3,iOS,Mumbai,20,TX148916,Not Recovered,Recovered,60.0
152.47,Net Banking,Incorrect Details,41,New,8,1,2,Android,Nagpur,3,TX125755,Recovered,Recovered,65.0
214.4,UPI,Insufficient Funds,34,Regular,11,4,3,Android,Kolkata,6,TX106787,Not Recovered,Recovered,74.0
5116.77,Credit Card,Transaction Timeout,31,Regular,8,3,3,Android,Kolkata,4,TX147045,Not Recovered,Recovered,61.5
1103.19,UPI,Incorrect Details,23,Premium,6,2,0,iOS,Kolkata,22,TX103378,Recovered,Recovered,65.0
2636.92,UPI,Transaction Timeout,28,Regular,11,2,3,iOS,Hyderabad,8,TX119996,Recovered,Recovered,75.5
1722.25,Wallet,Transaction Timeout,57,Regular,9,2,2,iOS,Hyderabad,2,TX116592,Not Recovered,Recovered,73.5
5824.76,Debit Card,Insufficient Funds,57,Regular,7,2,0,iOS,Kolkata,3,TX131778,Recovered,Recovered,69.5
401.43,Credit Card,Card Expired,59,Regular,8,2,3,Android,Chennai,13,TX121746,Not Recovered,Not Recovered,45.0
358.81,UPI,Transaction Timeout,38,New,6,2,2,iOS,Pune,19,TX105431,Not Recovered,Recovered,54.5
1805.99,Wallet,Network Error,31,Regular,10,1,1,Web,Nagpur,22,TX119384,Recovered,Recovered,75.5
1584.14,Debit Card,Insufficient Funds,28,Regular,10,5,0,Android,Pune,19,TX138596,Recovered,Recovered,64.0
532.41,UPI,Network Error,49,Regular,9,2,0,Android,Hyderabad,12,TX130570,Recovered,Recovered,81.5
266.29,Debit Card,Limit Exceeded,44,New,2,1,2,iOS,Pune,19,TX149242,Not Recovered,Not Recovered,27.0
1669.88,Debit Card,Card Expired,54,Regular,6,0,3,iOS,Pune,9,TX112243,Not Recovered,Recovered,51.5
833.67,UPI,Incorrect Details,52,New,9,2,2,iOS,Delhi,11,TX116542,Recovered,Recovered,77.5
1366.85,Net Banking,Card Expired,38,New,17,1,0,Android,Bangalore,7,TX122634,Recovered,Recovered,80.0
50.0,UPI,Incorrect Details,39,Regular,6,2,2,iOS,Hyderabad,7,TX145817,Not Recovered,Recovered,60.0
249.78,Debit Card,Insufficient Funds,33,Regular,3,3,3,Android,Hyderabad,12,TX112503,Not Recovered,Not Recovered,40.5
605.91,UPI,Network Error,38,Regular,4,1,1,iOS,Kolkata,19,TX112689,Not Recovered,Not Recovered,44.0
162.02,Debit Card,Network Error,28,Premium,10,2,2,iOS,Nagpur,5,TX100019,Recovered,Recovered,76.5
869.11,UPI,Limit Exceeded,44,Regular,5,5,0,Web,Kolkata,21,TX108819,Not Recovered,Recovered,50.5
1456.48,UPI,Transaction Timeout,27,Regular,4,1,1,iOS,Kolkata,18,TX124734,Not Recovered,Not Recovered,49.5
540.38,Credit Card,Limit Exceeded,47,New,9,1,1,Android,Mumbai,3,TX125754,Recovered,Recovered,84.5
304.4,UPI,Limit Exceeded,35,New,9,1,1,Web,Nagpur,6,TX110007,Recovered,Recovered,84.0
431.88,Credit Card,Bank Error,42,New,10,1,3,Android,Delhi,9,TX139472,Recovered,Recovered,71.0
460.55,Credit Card,Bank Error,46,Regular,6,1,3,Android,Chennai,13,TX145344,Not Recovered,Recovered,55.5
1672.86,UPI,Incorrect Details,39,New,4,1,3,Android,Hyderabad,22,TX149418,Not Recovered,Not Recovered,29.0
276.31,Debit Card,Incorrect Details,31,Regular,5,1,1,iOS,Mumbai,22,TX104533,Recovered,Recovered,64.5
1459.89,Net Banking,Network Error,51,Regular,8,4,2,iOS,Pune,22,TX136794,Not Recovered,Recovered,54.5
725.57,Wallet,Incorrect Details,54,New,6,1,2,Web,Mumbai,23,TX132093,Recovered,Not Recovered,47.5
214.09,UPI,Network Error,57,New,10,2,3,Web,Bangalore,5,TX142181,Recovered,Recovered,66.5
266.54,Credit Card,Bank Error,39,Premium,10,0,1,Android,Ahmedabad,20,TX138024,Recovered,Recovered,82.0
7147.13,Credit Card,Bank Error,21,New,14,2,1,Android,Kolkata,1,TX112381,Recovered,Recovered,67.5
1109.22,UPI,Network Error,36,Premium,5,3,3,Android,Delhi,0,TX114275,Not Recovered,Not Recovered,28.0
4620.23,Debit Card,Bank Error,34,Premium,6,1,1,iOS,Mumbai,9,TX131963,Not Recovered,Recovered,55.5
565.56,Debit Card,Bank Error,56,New,6,3,1,Web,Delhi,12,TX135770,Not Recovered,Recovered,51.5
357.95,Wallet,Insufficient Funds,43,Regular,6,1,1,Android,Jaipur,8,TX114714,Recovered,Recovered,62.0
348.09,UPI,Limit Exceeded,57,New,6,1,0,Android,Kolkata,22,TX102221,Recovered,Recovered,74.0
622.86,Net Banking,Card Expired,39,Regular,7,0,2,Android,Delhi,8,TX126349,Recovered,Recovered,67.0
65.6,UPI,Insufficient Funds,28,Regular,9,2,1,iOS,Kolkata,9,TX115792,Recovered,Recovered,71.0
367.88,UPI,Bank Error,30,Regular,7,1,0,Android,Mumbai,11,TX119263,Not Recovered,Recovered,74.5
857.91,Credit Card,Card Expired,59,New,7,4,3,Android,Jaipur,16,TX144776,Recovered,Not Recovered,37.5
210.45,Credit Card,Bank Error,39,New,4,2,1,Android,Hyderabad,4,TX143908,Not Recovered,Recovered,52.0
404.59,UPI,Network Error,55,Regular,5,1,2,iOS,Bangalore,10,TX116785,Recovered,Not Recovered,42.5
322.03,UPI,Insufficient Funds,27,Premium,8,0,2,Android,Pune,2,TX127400,Recovered,Recovered,61.0
414.2,Debit Card,Insufficient Funds,19,New,9,3,0,Android,Hyderabad,19,TX107329,Recovered,Recovered,74.0
731.45,Net Banking,Transaction Timeout,33,New,8,1,0,Android,Mumbai,17,TX130751,Recovered,Recovered,73.0
152.56,UPI,Bank Error,59,New,5,1,3,iOS,Hyderabad,10,TX130152,Not Recovered,Not Recovered,33.5
391.9,UPI,Card Expired,31,Regular,12,0,2,Web,Jaipur,5,TX143087,Recovered,Recovered,83.5
50.0,Debit Card,Transaction Timeout,24,Premium,7,4,1,Android,Kolkata,22,TX102884,Not Recovered,Not Recovered,48.0
607.56,Net Banking,Card Expired,24,Regular,6,3,2,Web,Ahmedabad,22,TX126067,Not Recovered,Recovered,54.0
822.91,Wallet,Card Expired,47,Premium,4,1,0,iOS,Chennai,2,TX133258,Recovered,Recovered,56.5
1145.11,UPI,Card Expired,47,Regular,9,1,2,Android,Chennai,7,TX111906,Recovered,Recovered,72.5
3866.59,UPI,Insufficient Funds,38,New,7,2,3,Android,Ahmedabad,8,TX139632,Recovered,Not Recovered,44.5
91.27,UPI,Network Error,41,Premium,6,3,0,Android,Kolkata,22,TX142732,Not Recovered,Not Recovered,37.0
300.02,UPI,Limit Exceeded,22,Premium,13,1,3,Android,Pune,19,TX104686,Recovered,Recovered,76.0
466.74,UPI,Insufficient Funds,22,Regular,10,0,1,Web,Pune,6,TX131046,Recovered,Recovered,75.5
2408.27,UPI,Transaction Timeout,46,Regular,4,1,2,iOS,Chennai,22,TX148013,Recovered,Not Recovered,33.5
713.52,UPI,Incorrect Details,24,Regular,9,2,3,iOS,Mumbai,7,TX140536,Not Recovered,Recovered,68.0
1800.91,UPI,Insufficient Funds,35,New,7,3,0,iOS,Kolkata,0,TX101404,Not Recovered,Recovered,64.0
67.13,UPI,Incorrect Details,43,Regular,7,2,1,iOS,Nagpur,8,TX138561,Recovered,Recovered,58.0
1261.85,UPI,Bank Error,37,Regular,8,1,0,iOS,Jaipur,17,TX124563,Recovered,Recovered,76.0
306.73,Net Banking,Network Error,23,Premium,6,3,3,iOS,Kolkata,11,TX145089,Recovered,Not Recovered,37.0
360.82,Credit Card,Incorrect Details,49,Regular,4,1,1,iOS,Kolkata,23,TX105525,Recovered,Not Recovered,49.5
193.58,UPI,Incorrect Details,48,Regular,6,1,0,Web,Chennai,8,TX147058,Recovered,Recovered,58.0
1525.13,Debit Card,Network Error,56,Regular,11,5,3,Web,Chennai,3,TX131036,Recovered,Recovered,58.5
1728.02,UPI,Network Error,46,Regular,4,1,1,Android,Mumbai,22,TX137041,Not Recovered,Not Recovered,49.5
1530.82,UPI,Transaction Timeout,21,Regular,2,4,1,Android,Chennai,18,TX149156,Not Recovered,Not Recovered,30.0
379.82,Debit Card,Limit Exceeded,58,Regular,6,2,0,Web,Ahmedabad,8,TX137899,Recovered,Recovered,53.5
685.42,Debit Card,Limit Exceeded,59,New,8,2,0,iOS,Delhi,12,TX143771,Recovered,Recovered,75.0
291.92,UPI,Incorrect Details,42,New,9,3,0,iOS,Pune,11,TX104909,Recovered,Recovered,78.5
324.56,UPI,Incorrect Details,25,Regular,8,2,2,Web,Bangalore,16,TX140239,Recovered,Recovered,66.5
712.02,Debit Card,Transaction Timeout,48,Regular,6,3,3,Web,Bangalore,3,TX149600,Recovered,Not Recovered,43.5
432.79,Net Banking,Bank Error,47,Regular,7,0,2,Android,Kolkata,16,TX130666,Recovered,Recovered,72.0
440.52,Debit Card,Limit Exceeded,54,Premium,6,1,1,Android,Mumbai,0,TX118813,Not Recovered,Recovered,54.5
709.78,UPI,Card Expired,54,Regular,6,2,0,iOS,Kolkata,21,TX132335,Recovered,Recovered,69.0
498.14,Debit Card,Limit Exceeded,43,Premium,5,1,1,iOS,Kolkata,16,TX120271,Not Recovered,Recovered,57.0
268.07,UPI,Transaction Timeout,30,Regular,8,1,3,Android,Hyderabad,5,TX105382,Recovered,Recovered,64.0
752.07,UPI,Incorrect Details,57,Regular,5,0,2,iOS,Kolkata,19,TX126055,Recovered,Not Recovered,39.5
1698.03,Debit Card,Transaction Timeout,54,New,5,2,2,iOS,Bangalore,7,TX119332,Not Recovered,Not Recovered,36.0
313.17,UPI,Network Error,30,Regular,4,3,2,iOS,Ahmedabad,7,TX119084,Not Recovered,Not Recovered,29.0
1111.22,Debit Card,Card Expired,40,Regular,8,2,3,Web,Bangalore,5,TX124854,Not Recovered,Recovered,55.5
546.5,Debit Card,Insufficient Funds,51,New,8,2,0,Android,Ahmedabad,18,TX122752,Recovered,Recovered,72.5
262.61,UPI,Bank Error,57,Regular,8,3,2,Android,Kolkata,5,TX122627,Not Recovered,Recovered,62.0
3514.55,Credit Card,Bank Error,52,Regular,10,3,3,Android,Pune,16,TX124066,Recovered,Not Recovered,48.5
1850.13,UPI,Bank Error,38,Regular,6,3,3,iOS,Hyderabad,19,TX131336,Recovered,Not Recovered,34.5
397.87,UPI,Network Error,24,Regular,5,1,0,iOS,Hyderabad,10,TX100448,Recovered,Recovered,59.0
930.92,Wallet,Card Expired,45,Regular,9,2,0,Android,Kolkata,3,TX128558,Recovered,Recovered,72.5
681.42,UPI,Insufficient Funds,38,Regular,3,2,3,iOS,Kolkata,2,TX142003,Not Recovered,Not Recovered,18.0
337.28,UPI,Incorrect Details,55,Regular,10,2,2,Android,Mumbai,7,TX139052,Recovered,Recovered,72.0
458.14,Debit Card,Incorrect Details,21,New,12,3,0,Web,Hyderabad,5,TX148286,Recovered,Recovered,75.5
111.85,UPI,Incorrect Details,43,Regular,8,5,1,Web,Bangalore,18,TX124568,Not Recovered,Not Recovered,43.5
215.1,Credit Card,Card Expired,47,Regular,8,3,3,Android,Chennai,21,TX132085,Not Recovered,Not Recovered,49.0
3100.65,UPI,Limit Exceeded,25,Regular,11,0,1,Android,Ahmedabad,9,TX136994,Recovered,Recovered,78.0
930.89,Credit Card,Network Error,32,New,12,4,0,Android,Pune,14,TX103598,Recovered,Recovered,73.5
331.42,Wallet,Network Error,40,New,9,1,3,Web,Pune,5,TX129888,Not Recovered,Recovered,61.5
1631.49,Credit Card,Card Expired,49,Regular,4,1,1,iOS,Pune,9,TX148215,Not Recovered,Recovered,53.5
5642.35,UPI,Card Expired,41,New,7,1,3,Web,Bangalore,17,TX120357,Not Recovered,Not Recovered,46.0
2391.75,UPI,Insufficient Funds,58,Regular,5,0,1,Web,Chennai,15,TX143369,Not Recovered,Not Recovered,42.0
2195.24,Debit Card,Incorrect Details,30,Regular,9,4,0,iOS,Jaipur,10,TX124622,Recovered,Recovered,73.5
3368.96,Wallet,Network Error,24,Regular,3,3,1,Android,Hyderabad,21,TX125237,Not Recovered,Not Recovered,42.5
169.11,UPI,Insufficient Funds,54,Premium,8,2,0,iOS,Jaipur,11,TX128670,Recovered,Recovered,72.5
132.4,Wallet,Network Error,21,Premium,4,2,2,Android,Jaipur,15,TX124804,Not Recovered,Not Recovered,28.0
1977.58,Debit Card,Incorrect Details,44,New,7,0,1,Android,Chennai,22,TX110392,Not Recovered,Recovered,54.0
855.75,UPI,Insufficient Funds,29,Premium,4,0,2,Web,Bangalore,13,TX124633,Recovered,Not Recovered,33.0
480.03,Debit Card,Transaction Timeout,47,Regular,7,1,0,Android,Chennai,4,TX132028,Recovered,Recovered,65.0
375.16,Net Banking,Transaction Timeout,47,Regular,9,0,2,iOS,Kolkata,22,TX122684,Recovered,Recovered,66.5
410.43,Wallet,Limit Exceeded,37,Premium,5,3,3,Android,Hyderabad,12,TX116627,Not Recovered,Not Recovered,31.5
729.88,Net Banking,Bank Error,25,Premium,8,2,2,Android,Nagpur,17,TX141312,Recovered,Recovered,61.0
427.99,Wallet,Limit Exceeded,48,Regular,8,5,0,Android,Hyderabad,1,TX110070,Recovered,Recovered,52.0
524.0,Debit Card,Transaction Timeout,37,New,6,0,2,iOS,Nagpur,12,TX141130,Not Recovered,Recovered,51.5
743.23,Debit Card,Card Expired,22,New,5,5,2,Android,Nagpur,4,TX133843,Not Recovered,Not Recovered,26.0
232.29,Debit Card,Incorrect Details,53,New,6,0,0,iOS,Ahmedabad,5,TX135413,Recovered,Recovered,71.5
886.13,UPI,Insufficient Funds,21,Regular,8,2,3,iOS,Chennai,17,TX118378,Recovered,Not Recovered,35.5
551.61,UPI,Transaction Timeout,20,Regular,4,4,0,Android,Ahmedabad,14,TX111436,Not Recovered,Not Recovered,46.0
640.64,Net Banking,Network Error,27,Regular,10,2,0,Android,Pune,17,TX121511,Recovered,Recovered,82.5
143.49,Credit Card,Insufficient Funds,29,New,13,1,0,iOS,Bangalore,18,TX144783,Recovered,Recovered,84.0
2529.31,UPI,Card Expired,58,Premium,8,2,1,Web,Nagpur,6,TX123370,Recovered,Recovered,70.5
697.35,Net Banking,Transaction Timeout,36,Regular,5,2,2,iOS,Chennai,0,TX145216,Recovered,Not Recovered,39.5
246.67,Net Banking,Bank Error,58,New,4,1,2,Android,Nagpur,18,TX133893,Recovered,Not Recovered,35.0
1757.33,UPI,Incorrect Details,30,Regular,8,1,1,iOS,Nagpur,2,TX125089,Recovered,Recovered,84.5
176.0,Debit Card,Card Expired,27,Regular,12,1,0,Web,Delhi,18,TX121599,Recovered,Recovered,83.0
1927.52,Credit Card,Incorrect Details,20,Regular,5,0,3,Android,Nagpur,15,TX143617,Not Recovered,Not Recovered,45.5
72.15,UPI,Card Expired,27,New,8,4,1,iOS,Nagpur,13,TX123808,Recovered,Recovered,55.0
2055.63,Credit Card,Network Error,55,Premium,4,1,3,Android,Bangalore,9,TX142854,Not Recovered,Not Recovered,39.0
2644.24,Credit Card,Limit Exceeded,26,Regular,4,5,3,iOS,Delhi,6,TX108687,Not Recovered,Not Recovered,28.5
182.76,Net Banking,Network Error,18,New,6,3,2,Android,Nagpur,2,TX116429,Recovered,Recovered,53.5
3147.24,UPI,Incorrect Details,18,New,4,1,3,Android,Pune,14,TX111352,Recovered,Not Recovered,37.5
945.09,Debit Card,Card Expired,42,New,6,1,2,Android,Mumbai,6,TX136243,Recovered,Recovered,53.5
240.93,Credit Card,Incorrect Details,23,Regular,7,4,2,Web,Mumbai,3,TX112801,Not Recovered,Not Recovered,43.5
780.65,Wallet,Network Error,38,Premium,11,1,0,Android,Delhi,13,TX133215,Recovered,Recovered,88.5
975.73,Net Banking,Transaction Timeout,58,Regular,10,4,3,Web,Mumbai,21,TX121938,Recovered,Recovered,58.0
707.95,Debit Card,Insufficient Funds,20,New,8,3,3,Web,Mumbai,18,TX129847,Recovered,Recovered,60.0
50.0,Debit Card,Card Expired,41,Regular,6,1,0,Android,Jaipur,17,TX110127,Recovered,Recovered,54.5
487.72,Debit Card,Incorrect Details,54,Regular,9,3,0,Android,Bangalore,20,TX100317,Recovered,Recovered,78.0
348.18,Credit Card,Insufficient Funds,35,Regular,8,1,1,iOS,Bangalore,2,TX130287,Recovered,Recovered,77.0
1522.85,Credit Card,Incorrect Details,53,Regular,11,1,1,Web,Nagpur,4,TX130624,Recovered,Recovered,85.0
308.69,UPI,Limit Exceeded,30,Regular,7,2,3,Android,Chennai,5,TX121057,Recovered,Not Recovered,43.5
575.73,UPI,Incorrect Details,30,Regular,4,0,1,Web,Ahmedabad,23,TX100659,Not Recovered,Not Recovered,39.0
390.84,UPI,Transaction Timeout,56,Regular,5,1,2,iOS,Kolkata,0,TX124506,Not Recovered,Not Recovered,35.0
255.24,Credit Card,Insufficient Funds,40,New,8,1,2,Android,Kolkata,1,TX122199,Recovered,Recovered,70.5
364.71,Net Banking,Transaction Timeout,41,New,6,2,2,Web,Pune,15,TX109789,Not Recovered,Not Recovered,45.0
90.17,Net Banking,Insufficient Funds,59,New,5,0,1,Android,Jaipur,6,TX131210,Recovered,Recovered,54.0
604.09,Net Banking,Limit Exceeded,50,New,5,0,3,iOS,Pune,9,TX132787,Recovered,Recovered,51.5
808.65,UPI,Insufficient Funds,50,New,13,5,0,Web,Hyderabad,8,TX126348,Recovered,Recovered,77.5
660.82,UPI,Transaction Timeout,58,Regular,5,3,1,Web,Hyderabad,16,TX102613,Not Recovered,Not Recovered,49.0
180.41,UPI,Bank Error,37,Premium,8,4,2,Android,Delhi,9,TX124701,Not Recovered,Not Recovered,46.0
330.31,UPI,Insufficient Funds,35,Regular,7,3,0,Android,Jaipur,1,TX131934,Not Recovered,Recovered,59.0
754.12,Net Banking,Insufficient Funds,18,Regular,6,1,1,Web,Kolkata,9,TX128827,Not Recovered,Recovered,64.0
471.43,UPI,Network Error,18,New,9,2,3,Android,Delhi,1,TX143982,Not Recovered,Recovered,57.5
108.22,UPI,Incorrect Details,38,Regular,8,2,3,Android,Bangalore,12,TX136180,Recovered,Recovered,53.0
1648.75,UPI,Transaction Timeout,20,Premium,6,5,3,iOS,Chennai,16,TX148323,Not Recovered,Not Recovered,43.0
777.24,UPI,Incorrect Details,18,New,7,2,1,Android,Chennai,7,TX118506,Not Recovered,Recovered,71.5
158.66,UPI,Transaction Timeout,59,Regular,12,1,3,Android,Kolkata,15,TX145762,Recovered,Recovered,69.0
1009.88,UPI,Incorrect Details,27,Regular,9,1,0,Android,Ahmedabad,11,TX124545,Recovered,Recovered,87.5
467.53,UPI,Transaction Timeout,48,Regular,8,2,1,iOS,Hyderabad,0,TX110069,Recovered,Recovered,74.0
1153.8,Credit Card,Limit Exceeded,19,Premium,6,3,0,Android,Jaipur,11,TX114230,Recovered,Recovered,64.5
3006.32,Debit Card,Card Expired,38,New,3,5,0,Web,Ahmedabad,11,TX130321,Not Recovered,Not Recovered,41.5
4984.63,UPI,Limit Exceeded,57,Regular,5,1,3,iOS,Hyderabad,11,TX117613,Not Recovered,Not Recovered,34.5
392.74,Credit Card,Card Expired,59,Regular,5,1,1,Android,Delhi,9,TX144340,Not Recovered,Not Recovered,45.5
543.9,Credit Card,Incorrect Details,25,New,10,1,2,Android,Jaipur,2,TX147533,Recovered,Recovered,72.0
507.9,UPI,Transaction Timeout,52,Premium,4,1,0,Android,Kolkata,20,TX139837,Not Recovered,Recovered,61.5
3503.33,UPI,Bank Error,32,Regular,6,2,3,Android,Mumbai,1,TX102151,Recovered,Not Recovered,34.5
85.36,Credit Card,Bank Error,38,Regular,2,1,0,Android,Bangalore,6,TX123125,Recovered,Recovered,52.5
795.94,Net Banking,Limit Exceeded,34,Premium,2,1,1,Android,Jaipur,0,TX115594,Not Recovered,Not Recovered,29.0
229.42,Wallet,Transaction Timeout,47,Premium,10,4,0,Android,Nagpur,2,TX144148,Recovered,Recovered,80.5
2519.32,Debit Card,Insufficient Funds,18,Regular,6,3,1,Android,Mumbai,1,TX135482,Not Recovered,Not Recovered,44.0
290.95,UPI,Card Expired,43,New,10,2,1,Android,Ahmedabad,13,TX145671,Not Recovered,Recovered,83.0
969.81,UPI,Insufficient Funds,50,Regular,10,2,0,Android,Pune,14,TX101946,Recovered,Recovered,84.5
1015.53,Debit Card,Card Expired,44,Regular,9,1,2,Web,Kolkata,1,TX144230,Recovered,Recovered,80.0
1416.11,UPI,Limit Exceeded,45,Regular,8,1,2,iOS,Chennai,23,TX105444,Recovered,Recovered,53.5
1218.7,Debit Card,Insufficient Funds,45,Premium,7,5,1,Android,Delhi,3,TX112553,Recovered,Not Recovered,40.5
252.66,Debit Card,Limit Exceeded,42,Regular,8,1,0,iOS,Chennai,1,TX122198,Not Recovered,Recovered,75.0
2678.95,UPI,Insufficient Funds,44,Regular,9,4,1,iOS,Nagpur,3,TX104550,Recovered,Recovered,72.0
519.53,Credit Card,Card Expired,28,Premium,8,2,0,iOS,Bangalore,0,TX111306,Recovered,Recovered,72.0
788.76,Credit Card,Card Expired,54,New,2,5,3,Android,Mumbai,19,TX103037,Not Recovered,Not Recovered,19.0
453.6,UPI,Incorrect Details,36,Premium,8,0,0,Android,Jaipur,16,TX111113,Recovered,Recovered,82.5
310.46,UPI,Network Error,50,New,9,5,3,iOS,Chennai,21,TX108159,Not Recovered,Not Recovered,45.5
293.22,Debit Card,Limit Exceeded,23,Regular,6,4,0,Android,Pune,17,TX145933,Recovered,Recovered,61.5
622.06,UPI,Network Error,25,New,2,2,3,Android,Delhi,22,TX115505,Not Recovered,Not Recovered,29.0
1668.05,Debit Card,Transaction Timeout,54,Premium,8,3,0,Android,Chennai,20,TX114097,Recovered,Recovered,78.0
269.53,UPI,Network Error,35,Regular,9,3,3,iOS,Pune,3,TX141099,Not Recovered,Recovered,52.5
1108.53,UPI,Insufficient Funds,57,New,9,0,3,iOS,Delhi,3,TX102652,Recovered,Recovered,63.0
511.48,Debit Card,Bank Error,33,Premium,12,1,1,Android,Hyderabad,0,TX139358,Not Recovered,Recovered,78.0
293.86,UPI,Transaction Timeout,28,Regular,7,5,1,Android,Mumbai,19,TX131586,Recovered,Recovered,62.0
390.34,UPI,Network Error,35,Premium,5,0,1,Android,Kolkata,21,TX109398,Recovered,Recovered,52.5
1288.64,Credit Card,Bank Error,46,Premium,6,1,3,Web,Ahmedabad,1,TX120879,Not Recovered,Not Recovered,43.5
317.36,Debit Card,Incorrect Details,34,New,10,4,0,Web,Chennai,22,TX132090,Recovered,Recovered,77.0
1920.53,Net Banking,Bank Error,55,Premium,4,1,2,Web,Jaipur,3,TX136892,Recovered,Not Recovered,34.5
834.53,UPI,Transaction Timeout,37,Regular,5,2,2,Android,Jaipur,4,TX134750,Not Recovered,Not Recovered,42.5
260.43,UPI,Network Error,59,New,5,2,1,iOS,Ahmedabad,0,TX145958,Not Recovered,Recovered,55.5
57.54,Credit Card,Limit Exceeded,42,Regular,9,1,0,Android,Mumbai,8,TX122470,Recovered,Recovered,81.5
502.49,UPI,Bank Error,39,New,8,1,1,Web,Jaipur,6,TX136161,Not Recovered,Recovered,77.5
1209.76,Debit Card,Limit Exceeded,28,Premium,4,2,1,Android,Ahmedabad,22,TX118724,Recovered,Not Recovered,32.5
1131.01,Wallet,Bank Error,48,Premium,0,0,2,Android,Pune,18,TX108891,Not Recovered,Not Recovered,44.5
2594.24,UPI,Bank Error,59,Regular,11,5,0,Android,Ahmedabad,22,TX131264,Recovered,Recovered,76.5
602.54,UPI,Limit Exceeded,42,Regular,4,2,3,Android,Pune,5,TX103403,Not Recovered,Not Recovered,18.5
401.96,UPI,Incorrect Details,44,Regular,6,2,1,Android,Hyderabad,23,TX108001,Not Recovered,Not Recovered,45.5
308.65,UPI,Network Error,59,Regular,10,1,1,Android,Nagpur,2,TX100833,Recovered,Recovered,78.5
953.52,UPI,Incorrect Details,48,Regular,6,1,3,Android,Nagpur,5,TX104557,Recovered,Not Recovered,38.5
124.08,UPI,Network Error,39,Regular,11,3,1,Android,Chennai,0,TX135478,Recovered,Recovered,74.5
412.23,Debit Card,Network Error,52,Regular,5,2,3,iOS,Jaipur,0,TX134158,Not Recovered,Not Recovered,33.0
507.19,UPI,Network Error,51,New,3,4,0,iOS,Kolkata,18,TX114091,Not Recovered,Recovered,53.0
50.0,UPI,Limit Exceeded,34,Premium,8,1,0,Web,Delhi,20,TX112778,Recovered,Recovered,73.5
82.02,Credit Card,Insufficient Funds,52,Regular,5,1,3,Android,Bangalore,23,TX139931,Recovered,Not Recovered,34.0
566.72,UPI,Card Expired,28,Premium,4,2,0,Android,Ahmedabad,5,TX107693,Recovered,Not Recovered,28.5
1984.46,Debit Card,Incorrect Details,48,Regular,8,1,3,iOS,Delhi,14,TX130413,Recovered,Recovered,52.5
3694.07,UPI,Incorrect Details,51,Regular,5,1,0,Android,Bangalore,20,TX146934,Not Recovered,Recovered,56.0
1482.01,Credit Card,Transaction Timeout,51,New,9,3,1,Android,Pune,3,TX132519,Recovered,Recovered,76.5
119.87,UPI,Network Error,40,Regular,5,8,3,Web,Chennai,7,TX146066,Recovered,Not Recovered,30.0
590.99,UPI,Bank Error,39,New,7,3,2,iOS,Ahmedabad,14,TX115561,Recovered,Not Recovered,46.0
1645.75,Credit Card,Incorrect Details,58,Regular,4,0,0,Android,Jaipur,14,TX133713,Not Recovered,Recovered,64.5
866.35,UPI,Network Error,48,New,2,2,3,Web,Mumbai,13,TX107555,Not Recovered,Not Recovered,25.5
735.01,Credit Card,Network Error,50,New,8,2,1,iOS,Nagpur,21,TX104447,Recovered,Recovered,79.5
245.36,Net Banking,Card Expired,55,Regular,7,1,3,iOS,Mumbai,22,TX109317,Recovered,Recovered,64.5
267.46,Debit Card,Bank Error,25,New,7,1,3,Android,Hyderabad,2,TX130950,Recovered,Not Recovered,38.0
333.27,Credit Card,Bank Error,28,Regular,8,3,1,iOS,Mumbai,2,TX111395,Recovered,Recovered,70.5
479.33,Credit Card,Network Error,50,Premium,9,0,0,Web,Hyderabad,17,TX119284,Recovered,Recovered,89.5
456.38,UPI,Bank Error,41,Regular,5,2,2,Android,Pune,14,TX131401,Recovered,Not Recovered,30.0
755.96,Net Banking,Bank Error,42,Regular,10,4,0,Android,Jaipur,19,TX119291,Recovered,Recovered,72.5
814.52,Debit Card,Insufficient Funds,49,New,4,3,0,Android,Ahmedabad,23,TX120460,Recovered,Not Recovered,44.0
87.86,Net Banking,Incorrect Details,39,Regular,4,1,0,Android,Delhi,3,TX141842,Recovered,Recovered,53.5
2579.74,Net Banking,Incorrect Details,29,Regular,4,0,2,Android,Mumbai,16,TX103275,Recovered,Not Recovered,36.5
568.75,Debit Card,Bank Error,42,Regular,10,2,0,iOS,Chennai,5,TX146059,Recovered,Recovered,77.0
1018.77,UPI,Network Error,50,Regular,4,2,2,Android,Kolkata,19,TX148499,Not Recovered,Not Recovered,37.0
534.27,UPI,Network Error,31,Premium,5,0,1,Web,Delhi,22,TX100573,Recovered,Recovered,52.5
347.23,UPI,Limit Exceeded,54,Regular,5,1,3,Web,Chennai,2,TX101823,Not Recovered,Not Recovered,37.5
3951.3,Debit Card,Insufficient Funds,27,New,9,5,3,Web,Chennai,23,TX103215,Recovered,Recovered,64.0
413.59,UPI,Network Error,34,Premium,12,1,0,Web,Kolkata,8,TX138806,Recovered,Recovered,87.5
1729.97,Debit Card,Incorrect Details,54,Regular,10,3,1,Android,Nagpur,12,TX116463,Recovered,Recovered,85.5
458.22,Credit Card,Transaction Timeout,22,Regular,9,1,2,Android,Hyderabad,21,TX143966,Recovered,Recovered,76.5
427.72,Credit Card,Incorrect Details,45,Regular,6,3,2,iOS,Bangalore,19,TX129934,Not Recovered,Recovered,57.5
1395.48,Credit Card,Card Expired,48,Premium,5,2,3,Android,Kolkata,6,TX147465,Not Recovered,Not Recovered,36.0
1034.24,Credit Card,Incorrect Details,28,New,7,3,0,iOS,Mumbai,19,TX110793,Recovered,Recovered,61.5
677.75,Credit Card,Bank Error,39,New,4,2,3,Web,Kolkata,15,TX118864,Recovered,Not Recovered,46.5
249.63,UPI,Bank Error,32,New,4,2,1,Android,Hyderabad,16,TX142381,Not Recovered,Not Recovered,41.5
1632.4,UPI,Transaction Timeout,38,Regular,5,0,0,Android,Bangalore,15,TX122742,Recovered,Recovered,70.5
161.95,UPI,Transaction Timeout,47,Premium,9,2,3,iOS,Pune,2,TX121708,Recovered,Recovered,57.5
69.45,UPI,Insufficient Funds,41,New,4,2,0,Web,Delhi,21,TX117731,Not Recovered,Not Recovered,40.0
1168.69,Credit Card,Card Expired,49,New,4,3,3,Android,Chennai,21,TX144629,Not Recovered,Not Recovered,28.5
1722.53,Debit Card,Network Error,32,New,6,0,1,Android,Bangalore,0,TX103136,Recovered,Not Recovered,47.5
214.84,Credit Card,Card Expired,48,Premium,6,4,2,iOS,Kolkata,11,TX149544,Recovered,Not Recovered,35.5
622.05,UPI,Card Expired,51,Regular,6,2,0,Web,Ahmedabad,12,TX146247,Recovered,Recovered,52.0
769.86,UPI,Incorrect Details,30,New,7,1,3,iOS,Ahmedabad,15,TX112265,Not Recovered,Not Recovered,49.5
618.12,Debit Card,Bank Error,57,Regular,7,1,2,Android,Kolkata,6,TX131293,Not Recovered,Not Recovered,46.5
948.93,UPI,Network Error,59,Regular,8,1,2,iOS,Pune,16,TX107318,Recovered,Recovered,57.0
3027.36,Credit Card,Insufficient Funds,18,New,4,0,3,Android,Mumbai,7,TX105470,Not Recovered,Not Recovered,40.5
4696.92,Net Banking,Network Error,27,Regular,3,2,1,Android,Pune,14,TX119108,Recovered,Not Recovered,35.5
248.05,Credit Card,Transaction Timeout,18,Premium,9,4,0,Web,Kolkata,1,TX148273,Not Recovered,Recovered,64.0
1964.27,UPI,Network Error,38,New,5,4,3,iOS,Delhi,6,TX128239,Not Recovered,Not Recovered,30.5
2177.96,Credit Card,Network Error,46,Regular,4,0,2,Android,Hyderabad,17,TX105588,Not Recovered,Not Recovered,34.5
554.27,Wallet,Card Expired,33,New,3,2,0,Android,Kolkata,15,TX141473,Recovered,Not Recovered,40.0
9625.36,Net Banking,Incorrect Details,28,Regular,11,5,0,iOS,Pune,1,TX118815,Recovered,Recovered,64.5
911.76,Credit Card,Transaction Timeout,57,Premium,6,1,1,Android,Bangalore,1,TX117993,Not Recovered,Recovered,64.0
1646.95,Debit Card,Insufficient Funds,43,Regular,2,2,0,Android,Delhi,8,TX126268,Not Recovered,Not Recovered,30.5
597.0,Debit Card,Limit Exceeded,18,New,4,0,1,Android,Hyderabad,2,TX149349,Not Recovered,Recovered,52.5
1050.1,Credit Card,Insufficient Funds,30,Premium,6,2,1,iOS,Bangalore,1,TX122693,Recovered,Recovered,51.0
719.37,Credit Card,Insufficient Funds,40,New,7,3,0,iOS,Hyderabad,12,TX145834,Recovered,Recovered,58.0
766.76,UPI,Limit Exceeded,25,Regular,8,3,2,Web,Mumbai,17,TX140241,Recovered,Recovered,52.0
512.78,Net Banking,Bank Error,43,New,10,3,1,iOS,Ahmedabad,20,TX132332,Recovered,Recovered,71.0
4345.51,UPI,Network Error,26,New,4,0,3,iOS,Ahmedabad,22,TX128956,Not Recovered,Not Recovered,19.0
797.13,UPI,Network Error,18,Regular,11,0,2,Android,Hyderabad,11,TX101442,Recovered,Recovered,73.0
186.73,Credit Card,Incorrect Details,28,Regular,2,2,0,iOS,Jaipur,8,TX107208,Recovered,Not Recovered,31.0
279.85,Net Banking,Incorrect Details,23,Regular,2,1,1,Android,Delhi,0,TX132592,Recovered,Not Recovered,45.0
1655.32,Debit Card,Card Expired,33,Premium,3,0,1,Android,Delhi,0,TX113697,Recovered,Not Recovered,31.5
438.01,UPI,Card Expired,34,Regular,11,2,3,iOS,Mumbai,6,TX113555,Recovered,Recovered,62.0
150.99,Credit Card,Network Error,59,Regular,10,1,2,Android,Pune,21,TX140997,Recovered,Recovered,72.0
153.95,UPI,Insufficient Funds,43,Regular,9,4,0,Web,Pune,14,TX148315,Recovered,Recovered,63.0
1397.29,UPI,Bank Error,49,Regular,3,3,3,iOS,Kolkata,14,TX114157,Not Recovered,Not Recovered,12.5
410.09,UPI,Insufficient Funds,53,Regular,6,5,1,Android,Jaipur,17,TX105504,Not Recovered,Recovered,50.0
3254.9,Debit Card,Bank Error,24,New,6,2,1,Web,Jaipur,19,TX135051,Recovered,Recovered,60.0
381.73,Credit Card,Insufficient Funds,48,New,3,1,1,Android,Delhi,5,TX107363,Recovered,Not Recovered,35.0
1432.88,UPI,Transaction Timeout,49,Premium,1,4,0,iOS,Pune,22,TX141990,Not Recovered,Recovered,52.5
256.45,UPI,Insufficient Funds,33,Regular,8,1,0,Android,Bangalore,20,TX147264,Recovered,Recovered,76.5
2168.58,Credit Card,Network Error,53,Premium,8,5,0,iOS,Nagpur,0,TX115924,Recovered,Recovered,58.5
228.91,Debit Card,Incorrect Details,56,Regular,11,2,1,iOS,Mumbai,10,TX120086,Recovered,Recovered,85.5
771.28,Credit Card,Limit Exceeded,35,Regular,8,2,1,Android,Bangalore,8,TX113972,Recovered,Recovered,76.5
610.37,UPI,Transaction Timeout,46,Regular,6,0,2,iOS,Hyderabad,4,TX123283,Recovered,Recovered,54.0
1421.06,UPI,Insufficient Funds,41,New,3,1,0,iOS,Mumbai,9,TX101353,Recovered,Not Recovered,49.5
206.58,UPI,Transaction Timeout,55,New,9,0,1,Android,Mumbai,23,TX110146,Recovered,Recovered,78.5
1403.76,Debit Card,Insufficient Funds,58,New,7,2,0,Android,Bangalore,7,TX126179,Recovered,Recovered,71.0
945.81,UPI,Limit Exceeded,23,Regular,8,4,2,Web,Bangalore,12,TX114483,Not Recovered,Recovered,57.0
3374.02,Credit Card,Limit Exceeded,48,Regular,10,3,2,iOS,Delhi,7,TX118011,Recovered,Recovered,75.5
214.95,UPI,Bank Error,45,Premium,5,4,3,Web,Delhi,6,TX134016,Not Recovered,Not Recovered,20.0
1286.14,Wallet,Network Error,55,New,4,3,3,Android,Mumbai,17,TX115573,Not Recovered,Not Recovered,31.0
383.06,UPI,Incorrect Details,19,New,7,2,3,Android,Kolkata,18,TX149484,Not Recovered,Not Recovered,46.5
187.88,Debit Card,Transaction Timeout,47,New,8,2,0,Android,Hyderabad,22,TX121033,Recovered,Recovered,62.0
313.57,UPI,Card Expired,51,New,11,2,2,Android,Ahmedabad,18,TX101795,Recovered,Recovered,81.0
141.42,UPI,Transaction Timeout,23,Regular,12,3,3,Web,Chennai,13,TX134286,Not Recovered,Recovered,58.0
223.36,Credit Card,Transaction Timeout,33,New,9,3,1,Android,Jaipur,4,TX121632,Recovered,Recovered,73.5
716.15,UPI,Transaction Timeout,43,Regular,7,2,1,Android,Nagpur,12,TX111925,Recovered,Recovered,55.0
999.9,Credit Card,Bank Error,32,Regular,8,0,1,Web,Bangalore,8,TX133197,Recovered,Recovered,74.0
9139.36,UPI,Transaction Timeout,55,Regular,12,2,3,Android,Jaipur,12,TX136593,Recovered,Recovered,56.0
1344.82,UPI,Incorrect Details,53,Regular,7,4,3,Android,Chennai,22,TX141659,Not Recovered,Not Recovered,38.5
316.57,Debit Card,Limit Exceeded,54,Regular,6,1,0,Android,Ahmedabad,12,TX101774,Not Recovered,Recovered,55.5
1060.55,UPI,Bank Error,56,New,9,1,0,Web,Mumbai,13,TX103430,Recovered,Recovered,86.0
2293.28,Credit Card,Insufficient Funds,35,Regular,6,5,3,iOS,Kolkata,7,TX111823,Not Recovered,Not Recovered,36.5
658.94,UPI,Bank Error,18,New,6,1,1,Android,Nagpur,9,TX123961,Not Recovered,Recovered,55.0
211.86,UPI,Incorrect Details,45,Regular,4,3,0,Web,Pune,12,TX135767,Not Recovered,Not Recovered,41.5
470.4,UPI,Incorrect Details,53,Regular,9,1,2,Android,Jaipur,12,TX103922,Recovered,Recovered,84.0
1101.43,Net Banking,Bank Error,34,Regular,6,1,1,iOS,Delhi,14,TX110032,Recovered,Recovered,63.5
733.76,Credit Card,Limit Exceeded,18,Regular,6,2,3,Android,Kolkata,7,TX141940,Not Recovered,Not Recovered,45.5
937.88,UPI,Bank Error,25,Regular,4,2,1,Android,Jaipur,13,TX100048,Recovered,Recovered,52.0
232.66,Net Banking,Incorrect Details,23,New,6,2,3,iOS,Chennai,1,TX108090,Recovered,Recovered,53.5
607.92,Credit Card,Bank Error,43,Regular,3,0,2,iOS,Nagpur,19,TX149820,Recovered,Not Recovered,43.5
3855.71,UPI,Network Error,33,Regular,9,2,0,Android,Bangalore,7,TX149366,Recovered,Recovered,70.0
194.9,UPI,Insufficient Funds,51,New,5,2,3,Android,Bangalore,12,TX120504,Not Recovered,Not Recovered,33.5
520.06,UPI,Transaction Timeout,19,Regular,8,1,1,iOS,Pune,9,TX101764,Not Recovered,Recovered,71.5
9593.9,Debit Card,Insufficient Funds,55,New,8,1,3,Android,Jaipur,19,TX125562,Recovered,Not Recovered,43.0
1595.01,Credit Card,Incorrect Details,38,Regular,9,5,2,Android,Hyderabad,0,TX135481,Recovered,Recovered,53.0
413.2,UPI,Limit Exceeded,56,Regular,7,2,1,Android,Bangalore,12,TX109201,Recovered,Recovered,55.5
7520.69,Debit Card,Card Expired,28,New,9,2,3,Android,Pune,16,TX116476,Not Recovered,Not Recovered,40.0
947.36,UPI,Incorrect Details,18,Premium,7,4,2,iOS,Kolkata,6,TX116442,Recovered,Not Recovered,41.0
720.74,Credit Card,Network Error,31,Regular,12,3,2,Web,Ahmedabad,20,TX127214,Recovered,Recovered,81.5
69.02,Credit Card,Card Expired,53,Regular,8,1,3,Android,Delhi,7,TX131708,Recovered,Recovered,61.0
262.13,UPI,Transaction Timeout,33,Regular,6,1,0,Android,Hyderabad,0,TX114359,Recovered,Recovered,58.5
51.84,Debit Card,Limit Exceeded,50,Regular,11,2,1,Android,Delhi,9,TX144668,Recovered,Recovered,82.0
927.39,Debit Card,Limit Exceeded,37,Premium,11,0,0,Web,Kolkata,9,TX108449,Recovered,Recovered,82.5
217.51,UPI,Insufficient Funds,35,New,8,1,2,iOS,Delhi,2,TX124431,Not Recovered,Recovered,67.5
779.13,Credit Card,Transaction Timeout,44,Premium,7,4,1,Android,Chennai,8,TX132948,Not Recovered,Not Recovered,43.5
319.55,Debit Card,Card Expired,55,Regular,6,6,1,iOS,Delhi,21,TX145782,Recovered,Recovered,61.0
898.75,Debit Card,Card Expired,19,Regular,6,4,2,iOS,Kolkata,18,TX115574,Recovered,Recovered,50.0
902.47,UPI,Insufficient Funds,42,Regular,6,5,0,Android,Kolkata,5,TX147625,Not Recovered,Recovered,53.5
1258.07,Debit Card,Limit Exceeded,55,Regular,7,2,2,Android,Hyderabad,7,TX117518,Recovered,Recovered,52.0
200.06,Credit Card,Bank Error,36,New,7,0,1,iOS,Pune,4,TX128069,Recovered,Recovered,58.5
490.69,Credit Card,Transaction Timeout,33,Premium,8,3,0,iOS,Kolkata,5,TX144901,Not Recovered,Recovered,66.5
15353.73,UPI,Incorrect Details,33,New,6,4,2,Android,Delhi,2,TX134743,Recovered,Not Recovered,29.0
517.6,Net Banking,Card Expired,46,Regular,10,3,0,Android,Hyderabad,8,TX117026,Recovered,Recovered,84.5
726.05,Wallet,Network Error,27,Regular,7,2,2,Web,Delhi,17,TX119779,Recovered,Not Recovered,47.5
594.0,UPI,Transaction Timeout,49,Regular,10,3,3,Android,Kolkata,2,TX103558,Not Recovered,Recovered,68.5
1348.69,Debit Card,Incorrect Details,47,Regular,5,5,3,iOS,Pune,12,TX128342,Not Recovered,Not Recovered,34.0
358.18,Debit Card,Transaction Timeout,25,Premium,9,3,1,iOS,Delhi,1,TX120384,Recovered,Recovered,60.0
690.62,Wallet,Card Expired,38,New,9,3,2,iOS,Chennai,10,TX148302,Recovered,Recovered,69.5
948.96,Credit Card,Bank Error,23,New,7,3,3,Android,Pune,21,TX136129,Recovered,Not Recovered,29.0
567.8,Credit Card,Transaction Timeout,19,New,7,2,2,Android,Ahmedabad,1,TX120714,Recovered,Not Recovered,42.5
4500.28,Net Banking,Bank Error,35,New,6,0,3,iOS,Pune,22,TX120950,Recovered,Recovered,56.5
1352.45,UPI,Insufficient Funds,37,Regular,3,0,2,Web,Kolkata,6,TX128157,Recovered,Not Recovered,36.5
152.76,Net Banking,Limit Exceeded,30,Regular,10,3,2,Android,Kolkata,13,TX128345,Not Recovered,Recovered,70.0
562.2,UPI,Network Error,22,Regular,12,1,0,Web,Mumbai,5,TX101918,Recovered,Recovered,84.5
3111.94,Wallet,Card Expired,29,New,10,2,3,Web,Nagpur,13,TX131070,Recovered,Recovered,72.0
100.12,Credit Card,Transaction Timeout,49,New,10,2,3,iOS,Chennai,6,TX102004,Recovered,Recovered,62.5
628.04,UPI,Bank Error,36,Regular,8,1,3,iOS,Bangalore,13,TX107226,Not Recovered,Not Recovered,44.0
482.91,UPI,Bank Error,59,Regular,6,3,1,iOS,Pune,3,TX115112,Not Recovered,Not Recovered,48.0
274.39,Credit Card,Limit Exceeded,39,Regular,6,1,2,iOS,Delhi,20,TX132827,Recovered,Recovered,55.5
1347.03,UPI,Network Error,34,New,12,0,0,Web,Nagpur,8,TX128908,Recovered,Recovered,88.0
413.86,Wallet,Card Expired,39,Regular,6,3,2,Android,Kolkata,10,TX128500,Recovered,Not Recovered,49.5
365.79,Debit Card,Incorrect Details,28,New,6,2,3,Web,Delhi,12,TX145009,Recovered,Not Recovered,46.5
961.75,UPI,Transaction Timeout,45,Regular,9,0,2,iOS,Pune,23,TX143150,Recovered,Recovered,80.0
935.65,Debit Card,Insufficient Funds,32,New,10,1,1,Web,Nagpur,13,TX146498,Not Recovered,Recovered,84.0
652.42,Debit Card,Incorrect Details,39,Regular,5,4,0,Android,Kolkata,0,TX108994,Recovered,Not Recovered,43.0
181.33,Credit Card,Transaction Timeout,31,Regular,7,3,3,Web,Bangalore,11,TX129411,Recovered,Not Recovered,38.5
2546.46,Net Banking,Network Error,54,Regular,7,2,1,Android,Chennai,4,TX122704,Recovered,Not Recovered,46.0
602.16,Debit Card,Limit Exceeded,29,Regular,6,3,2,Android,Ahmedabad,23,TX138115,Not Recovered,Recovered,50.5
436.87,Credit Card,Network Error,37,New,5,5,1,iOS,Chennai,5,TX120482,Recovered,Not Recovered,41.0
203.12,Net Banking,Insufficient Funds,19,New,5,1,3,Android,Ahmedabad,16,TX132235,Recovered,Not Recovered,39.0
200.62,Net Banking,Limit Exceeded,32,Regular,10,2,2,Android,Delhi,13,TX141381,Recovered,Recovered,81.0
3044.76,UPI,Card Expired,20,New,8,2,1,Web,Chennai,8,TX149120,Not Recovered,Recovered,71.5
1068.31,UPI,Insufficient Funds,36,Regular,5,0,1,Android,Ahmedabad,21,TX100157,Not Recovered,Not Recovered,35.0
2249.04,UPI,Incorrect Details,25,Premium,6,2,3,Android,Mumbai,18,TX123908,Not Recovered,Not Recovered,36.5
880.91,Credit Card,Network Error,56,Regular,2,2,1,Android,Nagpur,5,TX139869,Recovered,Not Recovered,30.0
394.83,UPI,Insufficient Funds,33,New,7,1,1,iOS,Mumbai,15,TX124970,Recovered,Recovered,67.0
212.31,Debit Card,Incorrect Details,21,Regular,7,3,3,Android,Delhi,1,TX145630,Recovered,Not Recovered,42.0
2304.66,Credit Card,Incorrect Details,57,Regular,6,0,0,Android,Nagpur,17,TX136279,Recovered,Recovered,71.5
3627.11,UPI,Bank Error,43,Premium,3,2,0,Android,Hyderabad,21,TX149662,Not Recovered,Not Recovered,39.0
313.49,UPI,Incorrect Details,26,Regular,8,3,0,Android,Nagpur,23,TX118315,Recovered,Recovered,68.5
573.32,UPI,Network Error,41,New,6,3,1,Android,Nagpur,20,TX117974,Recovered,Recovered,53.5
934.54,Debit Card,Card Expired,33,Regular,8,0,3,Android,Hyderabad,6,TX102499,Recovered,Recovered,66.5
232.19,Credit Card,Limit Exceeded,18,New,7,3,1,Android,Kolkata,4,TX123611,Recovered,Recovered,55.5
481.23,UPI,Card Expired,53,Regular,5,4,1,Web,Ahmedabad,3,TX114862,Recovered,Not Recovered,43.0
3084.06,Net Banking,Card Expired,44,Regular,5,1,3,iOS,Bangalore,2,TX143076,Recovered,Not Recovered,47.0
754.0,UPI,Bank Error,46,Regular,11,4,2,Web,Kolkata,1,TX117330,Not Recovered,Recovered,69.5
1043.79,UPI,Limit Exceeded,26,Regular,7,1,1,Web,Delhi,10,TX105481,Not Recovered,Recovered,54.0
666.3,UPI,Insufficient Funds,49,Regular,8,3,1,Web,Kolkata,7,TX126014,Recovered,Recovered,64.5
12460.52,UPI,Insufficient Funds,32,Premium,7,1,0,iOS,Hyderabad,5,TX119490,Recovered,Recovered,59.5
296.11,Net Banking,Insufficient Funds,27,Regular,8,2,3,Web,Mumbai,5,TX123535,Recovered,Recovered,59.0
3035.23,UPI,Transaction Timeout,30,Regular,5,3,0,Android,Chennai,14,TX136849,Not Recovered,Recovered,53.5
222.23,UPI,Bank Error,50,New,9,2,0,Android,Nagpur,21,TX101146,Recovered,Recovered,87.0
821.29,Wallet,Insufficient Funds,38,Premium,7,2,1,iOS,Jaipur,14,TX118202,Recovered,Recovered,61.5
345.22,Wallet,Transaction Timeout,20,New,7,1,2,Android,Nagpur,11,TX129246,Recovered,Recovered,55.0
610.02,UPI,Card Expired,19,New,8,5,2,Web,Bangalore,2,TX136313,Not Recovered,Recovered,51.5
715.81,Net Banking,Card Expired,20,Regular,5,1,3,iOS,Pune,18,TX143461,Not Recovered,Not Recovered,40.0
385.82,Net Banking,Bank Error,18,Regular,6,1,2,Android,Chennai,22,TX143476,Not Recovered,Recovered,58.0
401.22,UPI,Incorrect Details,34,Regular,5,3,2,Android,Delhi,11,TX135682,Not Recovered,Not Recovered,32.5
244.18,UPI,Transaction Timeout,25,Regular,4,3,2,Web,Delhi,18,TX116813,Not Recovered,Not Recovered,24.5
1040.77,Net Banking,Card Expired,31,Regular,4,1,0,Android,Mumbai,2,TX101905,Not Recovered,Not Recovered,42.5
120.93,UPI,Card Expired,45,Regular,7,0,3,Android,Ahmedabad,13,TX109205,Not Recovered,Recovered,63.5
1039.79,UPI,Limit Exceeded,20,Regular,7,4,1,Web,Delhi,4,TX140608,Not Recovered,Not Recovered,43.0
1130.58,Debit Card,Transaction Timeout,33,New,1,4,1,iOS,Hyderabad,5,TX119904,Not Recovered,Not Recovered,26.0
360.78,Wallet,Network Error,19,New,6,3,1,iOS,Nagpur,12,TX147814,Recovered,Recovered,59.5
460.37,UPI,Incorrect Details,55,New,6,1,2,iOS,Chennai,20,TX128699,Recovered,Not Recovered,47.0
686.49,Net Banking,Network Error,39,Premium,6,1,1,Android,Nagpur,0,TX146123,Recovered,Recovered,50.0
451.08,Wallet,Bank Error,50,New,14,2,0,Web,Kolkata,10,TX104078,Not Recovered,Recovered,87.0
2407.44,Wallet,Transaction Timeout,26,New,9,0,3,Android,Jaipur,17,TX133144,Recovered,Recovered,71.5
185.68,Debit Card,Incorrect Details,57,Premium,7,3,2,Android,Kolkata,11,TX131969,Not Recovered,Not Recovered,48.5
205.97,UPI,Transaction Timeout,21,New,11,1,2,Android,Kolkata,10,TX124870,Recovered,Recovered,84.0
368.24,UPI,Transaction Timeout,56,Premium,8,2,2,Android,Chennai,18,TX105839,Recovered,Recovered,56.5
971.42,UPI,Incorrect Details,54,Regular,12,3,0,iOS,Mumbai,14,TX146584,Recovered,Recovered,89.0
5390.48,Credit Card,Limit Exceeded,50,Regular,6,0,3,Android,Mumbai,20,TX131175,Recovered,Not Recovered,47.5
12778.68,Wallet,Incorrect Details,54,Regular,6,2,1,Web,Bangalore,12,TX147650,Not Recovered,Recovered,51.0
193.64,UPI,Card Expired,54,New,5,1,3,Android,Pune,12,TX124714,Not Recovered,Not Recovered,31.0
5682.51,UPI,Insufficient Funds,32,Regular,7,2,1,Android,Hyderabad,18,TX101219,Recovered,Not Recovered,49.5
795.75,UPI,Bank Error,33,New,7,6,3,Android,Bangalore,9,TX131467,Not Recovered,Not Recovered,29.0
2186.2,UPI,Insufficient Funds,44,Premium,10,3,1,Android,Kolkata,23,TX123430,Recovered,Recovered,66.5
504.33,Net Banking,Card Expired,33,Regular,11,0,3,iOS,Kolkata,15,TX141388,Recovered,Recovered,68.0
1076.79,Credit Card,Card Expired,39,Regular,6,1,3,Android,Kolkata,14,TX122410,Recovered,Not Recovered,45.0
117.72,Wallet,Incorrect Details,39,Regular,5,1,3,Android,Mumbai,12,TX123309,Recovered,Not Recovered,26.5
2327.48,Debit Card,Insufficient Funds,44,New,12,1,3,iOS,Delhi,18,TX105260,Recovered,Recovered,72.5
294.57,Debit Card,Insufficient Funds,47,New,7,0,1,Android,Chennai,6,TX143585,Recovered,Recovered,68.0
1160.81,Credit Card,Transaction Timeout,57,Regular,9,2,0,Android,Bangalore,1,TX108585,Recovered,Recovered,77.5
810.57,UPI,Limit Exceeded,58,New,11,2,2,Android,Nagpur,21,TX135386,Not Recovered,Recovered,72.5
2231.4,Debit Card,Insufficient Funds,37,New,4,2,0,Android,Nagpur,9,TX119835,Not Recovered,Not Recovered,42.0
9740.6,UPI,Transaction Timeout,50,New,9,1,0,Android,Kolkata,1,TX143155,Not Recovered,Recovered,71.0
896.02,Credit Card,Transaction Timeout,47,Regular,6,0,0,Android,Jaipur,13,TX132141,Not Recovered,Recovered,74.0
1123.59,Wallet,Limit Exceeded,57,Regular,10,4,2,Android,Hyderabad,15,TX146011,Recovered,Recovered,69.5
613.22,Credit Card,Limit Exceeded,28,Regular,8,4,0,Android,Mumbai,20,TX114261,Recovered,Recovered,83.5
503.99,UPI,Insufficient Funds,53,New,7,4,2,Android,Pune,0,TX122937,Recovered,Not Recovered,36.5
1274.72,Net Banking,Bank Error,52,Regular,7,0,0,iOS,Bangalore,10,TX149210,Recovered,Recovered,70.5
484.89,Net Banking,Bank Error,44,Regular,7,0,3,Web,Hyderabad,12,TX107386,Recovered,Recovered,63.0
740.38,Debit Card,Incorrect Details,58,New,4,0,1,iOS,Pune,3,TX105210,Not Recovered,Recovered,51.5
793.13,Debit Card,Bank Error,31,Premium,6,2,2,Android,Ahmedabad,13,TX135608,Recovered,Not Recovered,45.5
321.03,UPI,Limit Exceeded,41,Regular,6,1,3,iOS,Delhi,20,TX103865,Recovered,Not Recovered,42.5
332.09,Credit Card,Network Error,42,Premium,1,2,3,iOS,Bangalore,8,TX136496,Not Recovered,Not Recovered,30.5
500.06,Credit Card,Insufficient Funds,56,New,7,2,0,Web,Ahmedabad,15,TX148073,Recovered,Recovered,57.5
139.13,UPI,Limit Exceeded,24,New,6,1,1,Web,Bangalore,15,TX106159,Recovered,Recovered,55.5
815.14,Net Banking,Bank Error,43,Regular,6,2,2,Web,Bangalore,2,TX106609,Not Recovered,Recovered,52.0
785.78,UPI,Transaction Timeout,35,New,4,2,2,Android,Bangalore,6,TX142349,Not Recovered,Not Recovered,33.0
1154.67,Credit Card,Card Expired,40,Regular,10,0,3,Android,Hyderabad,4,TX122871,Recovered,Recovered,85.0
452.37,UPI,Insufficient Funds,40,Regular,7,2,2,Android,Kolkata,16,TX107154,Not Recovered,Recovered,56.5
546.84,Debit Card,Insufficient Funds,52,Premium,9,3,1,Web,Bangalore,4,TX132854,Recovered,Recovered,69.0
139.15,Debit Card,Card Expired,38,New,11,2,3,Android,Delhi,13,TX137752,Recovered,Recovered,77.5
3250.66,Debit Card,Limit Exceeded,19,New,10,1,0,iOS,Delhi,19,TX141817,Recovered,Recovered,73.0
2022.09,Credit Card,Bank Error,34,Regular,9,1,2,Android,Ahmedabad,2,TX133175,Recovered,Recovered,73.5
849.47,Credit Card,Incorrect Details,31,New,7,1,1,iOS,Jaipur,6,TX126011,Recovered,Recovered,66.0
411.47,UPI,Incorrect Details,57,New,2,2,1,Web,Ahmedabad,2,TX127896,Not Recovered,Not Recovered,38.0
77.66,UPI,Insufficient Funds,31,Regular,8,1,1,Android,Delhi,0,TX123021,Recovered,Recovered,78.5
293.66,UPI,Transaction Timeout,38,New,10,5,1,iOS,Mumbai,23,TX113611,Recovered,Recovered,64.5
654.67,Net Banking,Network Error,22,New,9,2,3,iOS,Mumbai,2,TX115766,Not Recovered,Recovered,60.0
1205.86,UPI,Transaction Timeout,37,Regular,6,6,2,Android,Ahmedabad,18,TX137355,Not Recovered,Not Recovered,31.0
426.88,UPI,Card Expired,54,Regular,7,6,1,Android,Chennai,1,TX147033,Recovered,Not Recovered,46.0
422.86,UPI,Transaction Timeout,31,Regular,6,0,2,iOS,Hyderabad,18,TX128529,Recovered,Recovered,58.0
916.41,Net Banking,Transaction Timeout,47,Regular,5,3,3,Android,Kolkata,18,TX120856,Not Recovered,Not Recovered,33.5
4500.78,UPI,Network Error,33,Premium,4,4,2,Android,Mumbai,12,TX106972,Not Recovered,Not Recovered,38.5
883.46,UPI,Bank Error,28,New,10,0,3,Web,Ahmedabad,19,TX107823,Recovered,Recovered,74.0
1920.25,Credit Card,Network Error,52,New,2,3,0,Web,Nagpur,15,TX102034,Recovered,Not Recovered,40.5
725.59,UPI,Network Error,41,Premium,7,6,0,Android,Delhi,7,TX132862,Recovered,Not Recovered,42.0
4895.13,Debit Card,Limit Exceeded,36,Regular,6,3,2,iOS,Chennai,19,TX143629,Recovered,Not Recovered,47.5
654.62,UPI,Card Expired,31,Regular,7,1,3,Android,Kolkata,23,TX115427,Not Recovered,Not Recovered,49.5
1840.87,UPI,Network Error,34,Regular,8,3,3,Android,Hyderabad,10,TX139144,Not Recovered,Recovered,51.0
3111.68,UPI,Bank Error,48,New,6,1,3,Android,Delhi,19,TX137359,Recovered,Not Recovered,45.5
1151.36,UPI,Card Expired,32,Regular,5,0,3,Android,Delhi,3,TX110903,Not Recovered,Not Recovered,24.5
1100.06,UPI,Incorrect Details,45,New,6,0,3,Android,Kolkata,13,TX132058,Not Recovered,Recovered,60.5
3079.86,Debit Card,Limit Exceeded,34,Regular,7,3,0,Web,Ahmedabad,7,TX139629,Recovered,Recovered,66.5
1132.59,UPI,Transaction Timeout,24,Regular,4,3,0,iOS,Delhi,12,TX129745,Recovered,Recovered,58.5
7425.06,Wallet,Limit Exceeded,43,New,9,5,0,Android,Jaipur,16,TX102120,Recovered,Recovered,53.5
1750.03,UPI,Incorrect Details,26,Regular,8,2,1,Android,Mumbai,8,TX148872,Recovered,Recovered,80.5
142.95,Debit Card,Transaction Timeout,49,New,5,2,0,iOS,Delhi,7,TX115537,Not Recovered,Recovered,51.5
855.95,UPI,Network Error,59,Regular,4,0,2,iOS,Kolkata,9,TX113151,Not Recovered,Not Recovered,41.5
2440.57,UPI,Incorrect Details,30,New,8,0,1,iOS,Bangalore,3,TX106942,Recovered,Recovered,83.0
340.17,UPI,Incorrect Details,36,Regular,9,1,2,Android,Nagpur,18,TX110954,Recovered,Recovered,82.5
193.31,UPI,Card Expired,34,Premium,9,1,2,Android,Ahmedabad,5,TX120811,Recovered,Recovered,75.5
484.56,UPI,Limit Exceeded,51,New,4,2,1,Web,Pune,0,TX130529,Not Recovered,Not Recovered,36.5
1333.71,UPI,Bank Error,29,New,8,1,0,Android,Ahmedabad,22,TX136545,Recovered,Recovered,81.0
1394.27,UPI,Limit Exceeded,40,Regular,7,0,3,Android,Pune,12,TX109449,Recovered,Recovered,68.0
3516.61,UPI,Bank Error,29,Regular,7,1,3,Android,Kolkata,3,TX110986,Not Recovered,Not Recovered,37.0
511.01,Credit Card,Bank Error,59,Regular,7,1,1,iOS,Bangalore,8,TX141613,Not Recovered,Recovered,59.0
1335.52,UPI,Transaction Timeout,36,Regular,9,2,3,Web,Delhi,4,TX147870,Not Recovered,Recovered,68.5
547.42,UPI,Transaction Timeout,46,Premium,4,2,0,Android,Delhi,22,TX111876,Recovered,Recovered,54.5
1911.48,Net Banking,Incorrect Details,50,Regular,3,1,0,iOS,Ahmedabad,22,TX129201,Not Recovered,Not Recovered,40.5
2433.28,UPI,Network Error,45,Regular,4,1,1,iOS,Bangalore,4,TX101664,Recovered,Recovered,50.0
631.59,UPI,Network Error,44,New,7,2,0,Web,Mumbai,3,TX128890,Recovered,Recovered,64.0
726.26,UPI,Limit Exceeded,55,Premium,8,2,1,iOS,Jaipur,17,TX139002,Recovered,Recovered,71.5
362.34,UPI,Incorrect Details,37,Premium,8,2,3,Android,Nagpur,1,TX123683,Not Recovered,Recovered,55.5
171.69,Debit Card,Incorrect Details,35,Regular,5,2,3,iOS,Mumbai,0,TX137378,Not Recovered,Not Recovered,28.5
605.68,Credit Card,Card Expired,22,Premium,6,2,2,iOS,Kolkata,12,TX127684,Recovered,Recovered,53.0
2549.2,Debit Card,Card Expired,58,Regular,4,1,2,Android,Chennai,2,TX129876,Not Recovered,Not Recovered,19.5
693.25,Wallet,Card Expired,42,Regular,4,3,3,Android,Chennai,20,TX117728,Recovered,Not Recovered,27.5
1045.54,UPI,Incorrect Details,24,New,11,1,1,iOS,Kolkata,21,TX124167,Recovered,Recovered,81.5
2126.56,UPI,Network Error,54,New,9,3,2,Android,Bangalore,11,TX118850,Recovered,Recovered,67.0
380.41,Credit Card,Bank Error,56,Regular,7,6,0,Web,Nagpur,18,TX131005,Recovered,Recovered,61.5
363.57,UPI,Incorrect Details,49,Regular,8,1,2,Android,Nagpur,4,TX112062,Recovered,Recovered,69.5
1069.37,UPI,Insufficient Funds,26,Regular,12,3,3,iOS,Hyderabad,22,TX147354,Recovered,Recovered,64.0
609.81,Debit Card,Bank Error,23,Premium,6,3,0,iOS,Kolkata,10,TX134275,Recovered,Recovered,59.5
222.92,Credit Card,Card Expired,44,Regular,9,2,0,Web,Ahmedabad,16,TX148899,Not Recovered,Recovered,80.0
1114.94,UPI,Insufficient Funds,30,Regular,6,1,1,Android,Delhi,3,TX141762,Recovered,Not Recovered,33.5
1113.26,Debit Card,Insufficient Funds,44,Premium,3,2,3,Android,Bangalore,12,TX100208,Not Recovered,Not Recovered,23.5
2955.07,Debit Card,Insufficient Funds,19,Premium,6,1,1,Android,Bangalore,0,TX138945,Recovered,Not Recovered,45.0
575.43,Net Banking,Transaction Timeout,56,Premium,11,5,0,iOS,Nagpur,10,TX105730,Recovered,Recovered,72.5
2345.24,UPI,Incorrect Details,20,New,4,3,1,Android,Ahmedabad,8,TX142519,Recovered,Not Recovered,31.0
823.44,Credit Card,Card Expired,45,Regular,6,1,3,Android,Delhi,2,TX136229,Recovered,Not Recovered,39.0
955.47,UPI,Insufficient Funds,57,Premium,9,3,1,iOS,Chennai,10,TX131717,Recovered,Recovered,66.0
1592.67,Debit Card,Insufficient Funds,50,Premium,6,1,2,Android,Ahmedabad,17,TX118129,Recovered,Not Recovered,48.0
2215.42,UPI,Insufficient Funds,47,Regular,6,2,1,Web,Pune,13,TX121167,Recovered,Not Recovered,48.0
336.22,Debit Card,Bank Error,47,Regular,6,1,1,Android,Mumbai,13,TX121745,Recovered,Recovered,71.0
438.62,UPI,Card Expired,26,Regular,8,0,0,iOS,Kolkata,7,TX145405,Recovered,Recovered,77.0
116.03,Net Banking,Transaction Timeout,42,Regular,4,1,2,Android,Kolkata,5,TX131949,Not Recovered,Not Recovered,32.0
4843.44,Credit Card,Bank Error,26,New,5,1,1,Web,Pune,9,TX108035,Recovered,Recovered,50.0
402.86,Debit Card,Transaction Timeout,42,Regular,5,0,3,Android,Bangalore,12,TX103177,Not Recovered,Not Recovered,45.0
641.3,Debit Card,Insufficient Funds,30,Regular,10,2,1,Android,Kolkata,18,TX124157,Recovered,Recovered,71.5
110.52,UPI,Network Error,34,Premium,11,1,1,Android,Jaipur,12,TX143523,Recovered,Recovered,85.0
610.73,UPI,Network Error,42,Premium,10,2,2,Android,Ahmedabad,18,TX132324,Recovered,Recovered,76.5
674.47,UPI,Insufficient Funds,36,New,7,4,3,Web,Hyderabad,22,TX100656,Recovered,Not Recovered,38.5
132.75,Debit Card,Incorrect Details,30,Premium,10,0,2,iOS,Ahmedabad,20,TX132001,Recovered,Recovered,65.0
334.05,Credit Card,Incorrect Details,37,Regular,9,4,0,Android,Bangalore,18,TX148165,Recovered,Recovered,68.5
393.54,UPI,Card Expired,45,Regular,6,3,1,Android,Nagpur,16,TX123819,Recovered,Recovered,57.0
485.66,Debit Card,Insufficient Funds,22,Regular,3,1,3,iOS,Ahmedabad,10,TX115796,Recovered,Not Recovered,40.5
812.2,Debit Card,Network Error,21,New,9,0,1,Android,Delhi,21,TX141656,Recovered,Recovered,74.5
551.26,UPI,Transaction Timeout,49,Regular,6,2,3,Android,Ahmedabad,1,TX143403,Recovered,Not Recovered,47.5
269.24,UPI,Incorrect Details,26,Regular,3,2,3,Android,Delhi,13,TX113164,Not Recovered,Not Recovered,30.5
431.58,Debit Card,Insufficient Funds,26,New,11,2,3,iOS,Mumbai,18,TX100557,Recovered,Recovered,70.5
1080.02,UPI,Card Expired,27,Regular,14,4,2,Android,Jaipur,10,TX109690,Recovered,Recovered,71.0
362.97,Debit Card,Card Expired,35,Regular,8,0,3,iOS,Hyderabad,22,TX124995,Not Recovered,Recovered,61.5
724.74,Debit Card,Card Expired,18,New,8,1,0,Android,Pune,14,TX124636,Recovered,Recovered,70.5
716.13,UPI,Limit Exceeded,29,Regular,7,0,3,Android,Mumbai,11,TX107794,Not Recovered,Not Recovered,49.0
2436.12,UPI,Limit Exceeded,21,Premium,6,1,0,Web,Delhi,15,TX123320,Not Recovered,Recovered,54.0
2225.35,UPI,Card Expired,23,New,6,0,0,iOS,Delhi,19,TX142722,Recovered,Recovered,58.0
302.55,UPI,Insufficient Funds,21,Regular,4,6,1,iOS,Hyderabad,0,TX139111,Not Recovered,Not Recovered,46.5
233.42,Net Banking,Limit Exceeded,59,Regular,8,1,1,Android,Chennai,0,TX105693,Not Recovered,Recovered,68.0
134.96,Credit Card,Bank Error,20,Regular,9,1,0,iOS,Ahmedabad,15,TX125217,Recovered,Recovered,63.5
1076.15,Debit Card,Network Error,43,New,5,4,1,Android,Nagpur,20,TX115252,Recovered,Not Recovered,33.0
1598.08,Credit Card,Limit Exceeded,19,Regular,10,0,0,Android,Ahmedabad,12,TX139067,Recovered,Recovered,85.5
5010.9,Debit Card,Card Expired,49,New,9,2,0,Android,Chennai,21,TX138851,Recovered,Recovered,73.5
572.3,Debit Card,Incorrect Details,55,New,3,3,0,Android,Jaipur,5,TX110333,Not Recovered,Not Recovered,26.5
1432.98,Debit Card,Card Expired,28,Regular,6,1,1,Android,Chennai,9,TX130146,Not Recovered,Not Recovered,46.0
312.75,UPI,Incorrect Details,26,Regular,8,1,2,Web,Bangalore,5,TX114953,Recovered,Recovered,56.5
347.2,Debit Card,Card Expired,58,Regular,6,3,3,Android,Kolkata,18,TX116814,Not Recovered,Not Recovered,43.5
969.79,Debit Card,Incorrect Details,33,Premium,5,0,0,Android,Chennai,16,TX133718,Recovered,Recovered,62.5
819.42,Debit Card,Card Expired,32,New,12,0,2,iOS,Pune,15,TX139409,Recovered,Recovered,73.0
231.23,UPI,Card Expired,29,Regular,7,1,2,Web,Chennai,4,TX142508,Not Recovered,Recovered,53.5
142.31,UPI,Card Expired,27,Regular,5,3,3,iOS,Pune,5,TX135662,Not Recovered,Not Recovered,20.0
245.63,UPI,Insufficient Funds,35,Regular,5,2,1,Web,Jaipur,8,TX113477,Not Recovered,Not Recovered,49.5
2959.01,UPI,Transaction Timeout,34,Regular,6,2,2,Android,Nagpur,7,TX117763,Not Recovered,Recovered,52.0
642.74,Debit Card,Transaction Timeout,43,New,5,3,2,Web,Chennai,6,TX118834,Recovered,Not Recovered,33.0
1508.88,Credit Card,Limit Exceeded,55,Regular,12,2,2,iOS,Hyderabad,1,TX145055,Not Recovered,Recovered,68.0
550.92,UPI,Card Expired,59,Regular,9,2,2,iOS,Chennai,10,TX116454,Recovered,Recovered,60.0
754.7,Credit Card,Card Expired,41,Regular,6,2,2,Web,Mumbai,17,TX133722,Not Recovered,Recovered,69.0
233.36,Credit Card,Limit Exceeded,25,Premium,6,3,0,Android,Delhi,14,TX130246,Not Recovered,Recovered,71.5
453.96,Wallet,Transaction Timeout,35,New,3,2,3,Android,Chennai,6,TX142182,Not Recovered,Not Recovered,36.0
1620.33,Debit Card,Incorrect Details,18,Premium,3,2,2,Android,Chennai,6,TX102334,Not Recovered,Not Recovered,32.0
1389.87,Net Banking,Limit Exceeded,36,New,8,1,3,Web,Nagpur,3,TX140110,Recovered,Recovered,69.5
509.39,Debit Card,Card Expired,22,Regular,7,2,0,Web,Nagpur,23,TX143726,Not Recovered,Recovered,53.0
1593.37,UPI,Transaction Timeout,48,New,6,2,1,Web,Bangalore,17,TX133312,Recovered,Recovered,54.0
465.83,Debit Card,Incorrect Details,32,Regular,10,1,2,Android,Kolkata,2,TX128307,Recovered,Recovered,83.0
246.59,UPI,Incorrect Details,28,Regular,8,4,3,Android,Jaipur,20,TX123089,Recovered,Recovered,66.0
4576.24,UPI,Incorrect Details,54,Regular,7,1,2,iOS,Mumbai,22,TX123260,Recovered,Recovered,50.5
368.31,Credit Card,Card Expired,45,New,5,3,3,Android,Chennai,8,TX136333,Not Recovered,Not Recovered,31.0
1125.11,UPI,Network Error,21,New,13,6,2,Android,Bangalore,5,TX122214,Recovered,Recovered,59.0
905.02,UPI,Incorrect Details,45,Regular,11,1,1,Web,Mumbai,16,TX118207,Recovered,Recovered,84.0
2492.92,UPI,Transaction Timeout,58,New,14,1,3,Android,Chennai,11,TX114560,Recovered,Recovered,67.0
487.54,UPI,Card Expired,31,Regular,6,3,2,Android,Kolkata,17,TX136446,Not Recovered,Not Recovered,47.0
186.48,UPI,Limit Exceeded,49,Premium,5,2,1,Android,Ahmedabad,4,TX126087,Not Recovered,Not Recovered,44.0
1434.31,Debit Card,Network Error,43,New,6,4,2,Android,Bangalore,6,TX130386,Not Recovered,Not Recovered,35.0
542.33,Credit Card,Insufficient Funds,20,Regular,8,0,1,Web,Kolkata,1,TX131109,Recovered,Recovered,79.0
3623.6,Wallet,Incorrect Details,29,Regular,9,2,1,iOS,Chennai,22,TX140919,Not Recovered,Recovered,61.0
192.99,Debit Card,Insufficient Funds,29,Regular,4,2,0,Android,Ahmedabad,7,TX116280,Not Recovered,Not Recovered,43.5
3996.21,Credit Card,Network Error,20,Premium,7,2,0,iOS,Ahmedabad,23,TX146946,Not Recovered,Recovered,66.5
99.42,UPI,Card Expired,52,Regular,8,2,1,Web,Ahmedabad,21,TX134726,Not Recovered,Recovered,57.0
1408.11,Wallet,Network Error,52,Regular,7,4,2,iOS,Pune,6,TX131459,Recovered,Not Recovered,46.0
224.58,UPI,Limit Exceeded,28,Premium,5,1,3,Web,Kolkata,12,TX149960,Recovered,Not Recovered,25.5
984.42,UPI,Insufficient Funds,31,Premium,10,2,2,Android,Mumbai,7,TX131212,Recovered,Recovered,70.5
4181.55,Credit Card,Network Error,36,Regular,8,1,0,Android,Bangalore,13,TX120097,Recovered,Recovered,78.0
350.39,Debit Card,Transaction Timeout,58,Regular,10,2,0,Android,Delhi,2,TX124348,Recovered,Recovered,82.5
160.21,Debit Card,Insufficient Funds,22,Regular,7,4,3,Web,Kolkata,17,TX130754,Not Recovered,Not Recovered,38.5
281.07,UPI,Transaction Timeout,43,Regular,0,1,2,Android,Nagpur,15,TX116718,Not Recovered,Not Recovered,40.0
820.96,UPI,Card Expired,58,Regular,3,3,3,Android,Bangalore,19,TX143632,Not Recovered,Not Recovered,22.5
137.22,Debit Card,Limit Exceeded,51,Regular,2,1,1,iOS,Pune,11,TX129906,Recovered,Not Recovered,37.5
2627.16,UPI,Transaction Timeout,22,Premium,6,3,0,iOS,Ahmedabad,6,TX101755,Recovered,Recovered,64.5
7261.16,Debit Card,Network Error,45,Premium,15,2,3,Android,Ahmedabad,15,TX132644,Recovered,Recovered,70.5
1451.01,Credit Card,Insufficient Funds,36,Regular,8,0,1,iOS,Delhi,17,TX136775,Recovered,Recovered,84.0
56.56,UPI,Limit Exceeded,22,Regular,10,2,0,Android,Hyderabad,10,TX130233,Recovered,Recovered,81.0
200.98,Debit Card,Card Expired,26,Regular,7,2,2,Web,Delhi,2,TX133672,Recovered,Not Recovered,28.5
630.46,Debit Card,Incorrect Details,46,Regular,7,3,1,Android,Pune,14,TX127029,Not Recovered,Recovered,56.5
444.5,UPI,Card Expired,29,Regular,5,2,3,Android,Mumbai,9,TX140792,Not Recovered,Not Recovered,28.0
388.31,UPI,Bank Error,43,Premium,10,3,1,iOS,Bangalore,8,TX143592,Recovered,Recovered,63.0
358.6,Debit Card,Incorrect Details,54,New,6,1,2,Android,Mumbai,10,TX116784,Not Recovered,Not Recovered,37.5
2503.16,Wallet,Bank Error,20,Regular,1,2,0,Android,Chennai,8,TX119007,Not Recovered,Not Recovered,45.5
2907.75,Net Banking,Network Error,32,Premium,7,2,3,Android,Chennai,6,TX124609,Recovered,Not Recovered,48.5
441.88,UPI,Network Error,42,Regular,9,0,0,iOS,Mumbai,21,TX145289,Recovered,Recovered,86.0
1055.26,UPI,Insufficient Funds,58,Regular,7,3,3,Android,Jaipur,23,TX134321,Not Recovered,Not Recovered,48.0
1721.7,UPI,Transaction Timeout,53,New,1,4,3,Android,Chennai,18,TX124319,Not Recovered,Not Recovered,26.0
2114.52,UPI,Limit Exceeded,29,Regular,5,3,3,Android,Delhi,22,TX109731,Not Recovered,Not Recovered,26.0
86.0,UPI,Card Expired,22,Premium,8,1,0,Android,Nagpur,8,TX121397,Recovered,Recovered,70.5
332.64,UPI,Limit Exceeded,19,Regular,9,0,2,Web,Bangalore,8,TX146974,Not Recovered,Recovered,81.0
336.29,UPI,Incorrect Details,39,New,10,1,2,Web,Nagpur,4,TX120394,Recovered,Recovered,77.5
1049.06,UPI,Card Expired,24,Regular,5,3,1,Android,Nagpur,15,TX110450,Recovered,Not Recovered,47.5
137.71,UPI,Limit Exceeded,46,New,6,0,0,Web,Chennai,6,TX119905,Recovered,Recovered,60.5
639.33,UPI,Limit Exceeded,57,Regular,6,4,3,iOS,Hyderabad,11,TX139231,Not Recovered,Not Recovered,40.0
506.53,UPI,Card Expired,50,Regular,8,2,3,Android,Nagpur,14,TX143861,Recovered,Recovered,68.0
183.68,Credit Card,Network Error,57,Regular,6,2,2,Android,Jaipur,20,TX140911,Recovered,Not Recovered,48.5
483.47,Debit Card,Card Expired,54,New,12,1,0,iOS,Ahmedabad,7,TX143259,Recovered,Recovered,89.5
600.92,Debit Card,Limit Exceeded,34,Regular,10,2,0,Android,Kolkata,12,TX131890,Recovered,Recovered,79.5
416.67,Credit Card,Transaction Timeout,57,New,6,3,2,Web,Ahmedabad,22,TX101068,Recovered,Not Recovered,42.5
50.0,UPI,Card Expired,18,Regular,6,1,0,Android,Pune,12,TX137090,Recovered,Recovered,56.5
292.85,Credit Card,Limit Exceeded,35,Premium,7,4,1,Android,Mumbai,0,TX108911,Recovered,Not Recovered,45.5
723.44,UPI,Incorrect Details,58,Premium,12,1,0,Web,Nagpur,23,TX121039,Recovered,Recovered,77.0
498.41,UPI,Bank Error,45,Regular,8,5,0,iOS,Kolkata,18,TX106333,Not Recovered,Recovered,65.5
5709.25,Debit Card,Limit Exceeded,25,Regular,2,4,3,Android,Mumbai,6,TX141606,Not Recovered,Not Recovered,31.0
63.26,Net Banking,Insufficient Funds,49,New,6,3,0,iOS,Ahmedabad,10,TX119839,Recovered,Recovered,54.5
194.05,UPI,Limit Exceeded,50,Regular,15,2,1,Android,Nagpur,12,TX125044,Recovered,Recovered,84.0
2435.58,UPI,Incorrect Details,45,Regular,6,1,2,Android,Pune,18,TX112770,Not Recovered,Recovered,60.0
832.29,Credit Card,Incorrect Details,39,Premium,13,0,0,iOS,Kolkata,4,TX123942,Recovered,Recovered,79.5
645.44,Net Banking,Transaction Timeout,22,Regular,6,4,2,Android,Hyderabad,10,TX127757,Recovered,Not Recovered,32.0
287.21,Wallet,Limit Exceeded,55,Regular,10,3,2,iOS,Delhi,17,TX115160,Recovered,Recovered,67.5
374.03,Wallet,Limit Exceeded,38,Premium,8,3,1,Android,Kolkata,0,TX144307,Recovered,Recovered,69.5
2749.12,Net Banking,Insufficient Funds,20,Regular,5,1,2,Web,Kolkata,21,TX107746,Not Recovered,Recovered,53.0
174.8,UPI,Card Expired,22,Regular,8,3,3,iOS,Bangalore,20,TX118883,Not Recovered,Not Recovered,44.0
994.6,Wallet,Bank Error,29,New,4,0,3,Android,Pune,3,TX142914,Recovered,Not Recovered,44.0
8843.53,UPI,Bank Error,46,Regular,5,1,2,Web,Jaipur,14,TX124060,Not Recovered,Not Recovered,25.0
537.86,Wallet,Network Error,40,New,10,1,1,Web,Nagpur,15,TX123567,Recovered,Recovered,78.0
4875.79,UPI,Incorrect Details,30,Regular,4,5,2,Android,Hyderabad,15,TX106820,Not Recovered,Not Recovered,38.0
231.85,UPI,Limit Exceeded,43,Regular,6,3,3,Android,Jaipur,14,TX120264,Recovered,Not Recovered,36.5
174.82,UPI,Incorrect Details,19,Regular,3,3,0,Android,Chennai,4,TX148943,Not Recovered,Not Recovered,38.0
313.5,Net Banking,Limit Exceeded,51,Regular,8,2,0,iOS,Pune,21,TX135139,Recovered,Recovered,81.5
167.58,UPI,Transaction Timeout,21,Regular,8,4,2,iOS,Chennai,11,TX144179,Recovered,Recovered,54.5
540.03,Debit Card,Incorrect Details,39,Regular,6,4,1,Android,Pune,0,TX133746,Not Recovered,Not Recovered,47.0
1009.16,UPI,Insufficient Funds,34,Premium,6,1,2,Web,Pune,21,TX109149,Recovered,Not Recovered,49.5
819.68,Debit Card,Transaction Timeout,53,Premium,10,1,0,iOS,Kolkata,19,TX120693,Recovered,Recovered,90.0
2791.81,Net Banking,Incorrect Details,46,Premium,7,1,2,iOS,Jaipur,16,TX127615,Not Recovered,Recovered,57.5
553.94,Debit Card,Transaction Timeout,45,New,12,2,2,Android,Kolkata,7,TX149117,Not Recovered,Recovered,77.0
503.35,Wallet,Network Error,31,New,8,0,2,iOS,Jaipur,16,TX133388,Recovered,Recovered,58.5
680.27,UPI,Insufficient Funds,52,Regular,6,2,0,Web,Jaipur,16,TX133884,Recovered,Recovered,68.5
380.21,UPI,Card Expired,55,New,2,1,0,Android,Hyderabad,16,TX129758,Recovered,Not Recovered,48.5
2231.1,Net Banking,Limit Exceeded,47,New,10,0,2,Android,Chennai,14,TX127938,Recovered,Recovered,76.0
278.77,Credit Card,Insufficient Funds,36,Regular,13,1,2,iOS,Mumbai,10,TX120829,Recovered,Recovered,86.0
1546.62,UPI,Transaction Timeout,27,New,7,1,2,iOS,Jaipur,13,TX115392,Not Recovered,Recovered,56.5
322.35,Credit Card,Incorrect Details,31,Regular,7,4,0,iOS,Nagpur,17,TX144615,Recovered,Recovered,60.5
597.17,Debit Card,Transaction Timeout,37,Regular,7,1,3,iOS,Ahmedabad,0,TX141337,Recovered,Recovered,57.0
883.13,UPI,Limit Exceeded,48,Premium,6,1,0,iOS,Mumbai,2,TX118573,Recovered,Recovered,54.0
687.06,UPI,Limit Exceeded,22,Regular,4,0,1,Android,Chennai,9,TX117771,Not Recovered,Not Recovered,42.0
2008.39,UPI,Limit Exceeded,49,Regular,4,4,2,Web,Kolkata,13,TX124550,Not Recovered,Not Recovered,12.5
1482.14,UPI,Network Error,19,New,6,2,1,iOS,Chennai,11,TX135683,Not Recovered,Recovered,57.5
1216.99,Net Banking,Limit Exceeded,23,New,7,2,1,iOS,Chennai,13,TX145836,Not Recovered,Recovered,76.5
3583.77,Debit Card,Incorrect Details,36,New,8,1,2,Android,Hyderabad,0,TX118235,Recovered,Recovered,52.0
389.63,Credit Card,Transaction Timeout,18,Regular,5,2,1,Android,Chennai,20,TX139673,Recovered,Not Recovered,48.0
75.74,UPI,Incorrect Details,44,Regular,8,0,1,Android,Ahmedabad,17,TX101712,Recovered,Recovered,78.5
993.4,UPI,Transaction Timeout,21,New,7,1,3,Android,Delhi,11,TX113076,Recovered,Recovered,55.5
381.66,Debit Card,Insufficient Funds,18,Regular,9,2,0,Web,Ahmedabad,7,TX100851,Recovered,Recovered,80.0
254.72,Debit Card,Network Error,19,Regular,9,2,0,Android,Nagpur,10,TX115052,Recovered,Recovered,83.5
1269.43,Debit Card,Network Error,53,Regular,9,1,1,Android,Bangalore,9,TX111750,Recovered,Recovered,70.0
377.0,Credit Card,Card Expired,21,New,6,1,3,Android,Delhi,13,TX124551,Not Recovered,Recovered,51.5
154.43,Debit Card,Incorrect Details,25,Regular,8,1,3,Android,Ahmedabad,19,TX118135,Recovered,Recovered,67.0
500.06,Wallet,Network Error,36,New,8,2,3,Android,Bangalore,7,TX149199,Not Recovered,Recovered,57.5
187.55,UPI,Network Error,25,Regular,11,4,2,iOS,Pune,14,TX128761,Recovered,Not Recovered,48.0
1688.62,Debit Card,Bank Error,47,Premium,6,4,3,iOS,Kolkata,10,TX107380,Recovered,Not Recovered,33.5
1939.85,Credit Card,Limit Exceeded,18,Regular,9,3,0,Web,Delhi,1,TX104132,Recovered,Recovered,68.0
997.0,Credit Card,Bank Error,25,Premium,8,2,3,iOS,Chennai,8,TX136002,Recovered,Recovered,54.5
2616.78,UPI,Card Expired,36,Regular,7,1,1,iOS,Ahmedabad,13,TX104420,Recovered,Recovered,64.5
995.59,UPI,Incorrect Details,38,Regular,5,1,3,Android,Jaipur,18,TX144701,Not Recovered,Not Recovered,29.5
2684.1,Net Banking,Transaction Timeout,45,Premium,15,4,0,Web,Kolkata,19,TX111535,Recovered,Recovered,72.0
354.81,Net Banking,Network Error,47,Regular,3,2,3,iOS,Ahmedabad,18,TX145525,Not Recovered,Not Recovered,35.5
548.78,Credit Card,Card Expired,49,Regular,8,2,2,Web,Nagpur,7,TX116856,Not Recovered,Recovered,67.5
5748.85,UPI,Card Expired,56,New,8,2,2,iOS,Delhi,8,TX127833,Recovered,Recovered,57.5
712.54,UPI,Bank Error,56,Premium,5,2,2,Web,Nagpur,9,TX142853,Not Recovered,Not Recovered,25.5
91.78,Net Banking,Incorrect Details,43,Regular,6,2,3,Android,Bangalore,14,TX130000,Recovered,Not Recovered,41.0
254.78,UPI,Card Expired,36,Regular,3,1,3,Web,Hyderabad,7,TX121971,Not Recovered,Not Recovered,26.5
7738.31,Credit Card,Incorrect Details,50,New,3,3,2,Web,Hyderabad,22,TX116577,Not Recovered,Not Recovered,35.5
2373.02,Credit Card,Incorrect Details,30,Regular,7,2,3,iOS,Nagpur,22,TX116991,Recovered,Recovered,50.5
151.63,UPI,Incorrect Details,38,Regular,9,2,2,Web,Hyderabad,15,TX105663,Recovered,Recovered,75.0
2216.94,UPI,Transaction Timeout,40,Regular,9,4,2,Web,Mumbai,4,TX102077,Recovered,Recovered,72.0
189.1,Wallet,Incorrect Details,33,Premium,10,1,2,Android,Pune,16,TX132070,Recovered,Recovered,71.0
226.81,Debit Card,Insufficient Funds,33,Regular,4,0,3,Android,Mumbai,18,TX108893,Recovered,Not Recovered,45.5
334.12,UPI,Network Error,28,Regular,6,1,2,iOS,Jaipur,14,TX134704,Recovered,Recovered,59.5
629.89,UPI,Insufficient Funds,39,New,9,4,3,iOS,Delhi,14,TX141304,Recovered,Recovered,50.0
383.04,UPI,Card Expired,57,New,7,1,3,Web,Jaipur,1,TX101490,Not Recovered,Not Recovered,47.5
597.68,UPI,Incorrect Details,28,Premium,6,2,3,iOS,Mumbai,19,TX143466,Not Recovered,Not Recovered,40.0
589.72,UPI,Insufficient Funds,18,New,4,0,0,iOS,Hyderabad,8,TX143593,Recovered,Recovered,52.5
4309.28,Credit Card,Card Expired,46,Regular,12,0,3,iOS,Jaipur,17,TX110539,Recovered,Recovered,83.5
951.65,Debit Card,Network Error,20,Regular,11,5,2,Web,Pune,16,TX141556,Recovered,Recovered,71.5
2461.04,Credit Card,Limit Exceeded,52,Regular,11,4,0,Web,Delhi,15,TX120516,Recovered,Recovered,77.0
179.19,Wallet,Limit Exceeded,40,New,5,0,0,Android,Kolkata,7,TX108443,Recovered,Recovered,65.0
493.8,UPI,Bank Error,22,Regular,8,3,1,Android,Kolkata,18,TX106995,Recovered,Recovered,77.0
2496.79,Wallet,Bank Error,35,Premium,5,3,1,Web,Nagpur,21,TX148011,Recovered,Not Recovered,47.0
1246.51,UPI,Network Error,52,New,5,4,0,Android,Nagpur,15,TX111357,Not Recovered,Not Recovered,42.5
1444.45,Credit Card,Transaction Timeout,29,Regular,7,0,1,iOS,Chennai,5,TX148369,Recovered,Recovered,71.5
401.17,UPI,Network Error,34,Premium,7,2,2,Web,Mumbai,20,TX117316,Not Recovered,Recovered,50.5
1615.35,Debit Card,Incorrect Details,22,Premium,4,2,3,Web,Pune,14,TX115808,Not Recovered,Not Recovered,40.0
700.57,Credit Card,Network Error,58,New,11,2,0,Android,Delhi,16,TX138424,Not Recovered,Recovered,76.5
672.3,Wallet,Card Expired,49,Regular,5,2,0,Android,Pune,4,TX145228,Not Recovered,Not Recovered,49.0
1876.46,UPI,Limit Exceeded,27,Regular,4,4,0,Android,Ahmedabad,2,TX128804,Not Recovered,Not Recovered,41.5
969.14,Credit Card,Transaction Timeout,18,New,3,0,0,Android,Chennai,10,TX102100,Not Recovered,Not Recovered,48.5
2496.03,Debit Card,Transaction Timeout,41,Regular,10,1,0,Android,Mumbai,19,TX130760,Recovered,Recovered,70.5
328.55,Credit Card,Network Error,56,Premium,7,2,3,Android,Ahmedabad,3,TX109997,Recovered,Recovered,55.5
607.57,Credit Card,Network Error,28,Regular,8,4,2,iOS,Jaipur,18,TX101715,Recovered,Not Recovered,46.5
392.17,Credit Card,Network Error,52,Premium,9,0,1,Web,Ahmedabad,10,TX103831,Recovered,Recovered,78.5
978.69,Debit Card,Card Expired,24,Regular,6,3,0,Web,Delhi,12,TX121577,Not Recovered,Recovered,51.0
24412.05,UPI,Transaction Timeout,33,New,3,4,1,iOS,Jaipur,22,TX120126,Not Recovered,Not Recovered,39.0
739.31,UPI,Network Error,39,Regular,9,2,2,Android,Ahmedabad,22,TX143062,Not Recovered,Recovered,64.0
2234.88,Net Banking,Incorrect Details,43,Regular,9,3,0,iOS,Delhi,12,TX102354,Recovered,Recovered,83.5
926.74,UPI,Limit Exceeded,34,New,6,1,1,Web,Chennai,0,TX119637,Recovered,Recovered,55.0
684.91,Net Banking,Bank Error,18,Regular,9,3,0,iOS,Delhi,6,TX139790,Not Recovered,Recovered,66.0
50.0,Credit Card,Card Expired,46,Regular,3,2,2,Android,Mumbai,14,TX132394,Not Recovered,Not Recovered,36.5
1056.01,UPI,Insufficient Funds,54,New,9,4,0,iOS,Bangalore,22,TX116248,Recovered,Recovered,70.5
1327.9,Credit Card,Transaction Timeout,47,Regular,14,5,0,iOS,Nagpur,4,TX118002,Recovered,Recovered,80.0
196.2,Debit Card,Insufficient Funds,39,Regular,6,2,1,iOS,Nagpur,21,TX141741,Recovered,Recovered,55.5
961.44,Debit Card,Limit Exceeded,29,Regular,6,0,0,Android,Jaipur,21,TX125567,Recovered,Recovered,74.0
86.95,UPI,Insufficient Funds,56,New,3,1,2,iOS,Kolkata,15,TX136192,Recovered,Not Recovered,36.5
1067.63,UPI,Limit Exceeded,59,Regular,6,2,2,Web,Chennai,11,TX133536,Recovered,Not Recovered,43.0
648.45,Credit Card,Limit Exceeded,19,New,7,2,2,iOS,Delhi,21,TX121527,Not Recovered,Recovered,62.5
410.08,Wallet,Network Error,34,New,4,4,0,Web,Jaipur,21,TX107170,Recovered,Not Recovered,48.0
955.7,Debit Card,Incorrect Details,24,New,4,2,2,Android,Nagpur,6,TX143668,Not Recovered,Not Recovered,28.5
574.21,Wallet,Card Expired,53,Regular,8,5,1,iOS,Nagpur,20,TX101227,Recovered,Recovered,52.5
2209.74,UPI,Insufficient Funds,50,Regular,8,4,3,Android,Chennai,2,TX123689,Recovered,Not Recovered,48.5
82.61,UPI,Incorrect Details,23,Premium,3,0,0,Android,Jaipur,6,TX104973,Not Recovered,Not Recovered,44.0
157.86,Credit Card,Insufficient Funds,19,New,5,4,3,Android,Kolkata,15,TX101621,Recovered,Not Recovered,40.5
452.83,Net Banking,Network Error,59,Regular,4,1,0,Android,Chennai,17,TX107651,Not Recovered,Recovered,59.5
602.5,UPI,Bank Error,33,Premium,7,1,3,Android,Nagpur,3,TX139779,Recovered,Not Recovered,44.5
1323.36,UPI,Transaction Timeout,20,Regular,11,1,2,iOS,Delhi,20,TX105434,Not Recovered,Recovered,79.5
101.92,UPI,Limit Exceeded,57,Regular,5,3,2,iOS,Mumbai,7,TX118836,Not Recovered,Not Recovered,37.0
761.91,Net Banking,Incorrect Details,31,New,6,1,0,iOS,Ahmedabad,2,TX127978,Not Recovered,Recovered,70.0
1192.02,Credit Card,Limit Exceeded,45,New,7,0,0,Android,Nagpur,17,TX114498,Recovered,Recovered,76.5
260.92,UPI,Card Expired,39,Regular,10,2,3,Android,Jaipur,1,TX140765,Recovered,Recovered,68.5
1285.39,Credit Card,Transaction Timeout,56,Premium,8,2,0,iOS,Chennai,16,TX117136,Recovered,Recovered,71.0
309.76,UPI,Bank Error,26,Premium,8,1,3,iOS,Mumbai,4,TX148695,Recovered,Not Recovered,45.5
717.15,UPI,Insufficient Funds,58,Regular,7,1,3,Web,Bangalore,23,TX136795,Recovered,Recovered,54.0
853.15,Net Banking,Limit Exceeded,18,New,10,0,2,Android,Mumbai,9,TX121320,Recovered,Recovered,75.0
536.62,UPI,Network Error,57,Regular,6,0,1,iOS,Pune,20,TX148336,Not Recovered,Recovered,75.5
1826.72,Debit Card,Card Expired,24,Regular,9,2,1,iOS,Nagpur,13,TX105656,Recovered,Recovered,75.5
1810.44,Credit Card,Network Error,38,Premium,9,2,0,Android,Chennai,21,TX117154,Recovered,Recovered,76.0
364.36,UPI,Network Error,20,New,12,4,0,iOS,Jaipur,10,TX141867,Recovered,Recovered,74.5
356.41,Credit Card,Incorrect Details,34,New,9,1,2,iOS,Bangalore,15,TX121834,Recovered,Recovered,67.5
1000.76,UPI,Incorrect Details,35,New,5,1,3,Android,Pune,9,TX125609,Not Recovered,Not Recovered,24.0
1089.02,Debit Card,Insufficient Funds,46,Premium,7,0,0,Web,Ahmedabad,13,TX145179,Recovered,Recovered,70.5
927.4,Credit Card,Network Error,57,Regular,6,2,1,Android,Kolkata,1,TX139362,Recovered,Not Recovered,40.5
255.4,UPI,Bank Error,29,Premium,6,2,3,iOS,Bangalore,3,TX132271,Not Recovered,Not Recovered,47.5
530.85,UPI,Card Expired,42,Regular,10,3,0,Android,Pune,12,TX123558,Recovered,Recovered,74.5
1738.93,Net Banking,Card Expired,21,New,4,3,2,Android,Ahmedabad,1,TX132678,Not Recovered,Not Recovered,29.0
1898.36,UPI,Network Error,27,Regular,6,1,0,Android,Nagpur,6,TX141440,Recovered,Recovered,58.5
268.99,UPI,Incorrect Details,38,Premium,9,3,1,iOS,Pune,16,TX117467,Recovered,Recovered,78.5
593.27,Credit Card,Bank Error,59,New,4,2,2,iOS,Nagpur,10,TX131719,Recovered,Not Recovered,49.0
486.55,UPI,Network Error,34,Premium,5,3,1,iOS,Delhi,5,TX105301,Not Recovered,Not Recovered,37.5
990.93,Net Banking,Limit Exceeded,46,Regular,8,3,2,iOS,Ahmedabad,8,TX130639,Recovered,Recovered,67.5
383.17,UPI,Incorrect Details,56,Premium,4,3,1,iOS,Pune,14,TX149059,Not Recovered,Recovered,57.0
355.97,UPI,Network Error,26,Regular,8,3,2,Web,Delhi,2,TX121624,Recovered,Recovered,66.0
1690.7,Credit Card,Card Expired,31,New,7,3,0,Android,Chennai,11,TX110765,Not Recovered,Recovered,60.0
1408.6,Debit Card,Transaction Timeout,22,New,5,2,0,Android,Pune,10,TX148632,Not Recovered,Recovered,56.0
1226.19,Debit Card,Network Error,58,Premium,8,2,3,Android,Delhi,18,TX128777,Not Recovered,Recovered,65.0
535.7,Wallet,Incorrect Details,42,Regular,9,2,1,Android,Nagpur,22,TX132751,Recovered,Recovered,82.0
388.03,Net Banking,Card Expired,56,New,8,0,3,iOS,Nagpur,21,TX123670,Recovered,Recovered,64.0
247.35,UPI,Insufficient Funds,25,Regular,7,2,2,Android,Bangalore,23,TX127224,Not Recovered,Recovered,52.5
98.98,Debit Card,Card Expired,23,Regular,8,1,2,Android,Delhi,17,TX146263,Recovered,Recovered,73.0
507.89,Wallet,Card Expired,47,Regular,4,0,0,Android,Chennai,14,TX116468,Recovered,Recovered,54.5
1526.22,Credit Card,Card Expired,53,Premium,5,2,2,Web,Pune,7,TX120817,Recovered,Not Recovered,36.5
677.06,Credit Card,Bank Error,53,Premium,9,1,3,Web,Nagpur,13,TX115394,Not Recovered,Recovered,68.5
1520.73,Debit Card,Card Expired,59,Regular,8,3,0,Web,Pune,4,TX113380,Not Recovered,Recovered,65.5
345.36,Credit Card,Card Expired,27,New,4,2,2,Android,Nagpur,23,TX130278,Not Recovered,Not Recovered,37.5
89.15,UPI,Network Error,41,New,7,1,2,iOS,Pune,21,TX116822,Not Recovered,Recovered,60.0
3136.3,Debit Card,Incorrect Details,21,New,9,1,0,Android,Hyderabad,19,TX130346,Recovered,Recovered,80.0
1560.09,UPI,Transaction Timeout,33,New,7,2,0,iOS,Mumbai,17,TX127371,Recovered,Recovered,62.5
2410.75,Net Banking,Insufficient Funds,39,Regular,6,4,0,iOS,Nagpur,2,TX135651,Not Recovered,Recovered,50.0
629.27,Debit Card,Network Error,50,Regular,9,0,1,Android,Nagpur,3,TX134087,Recovered,Recovered,75.5
181.58,UPI,Insufficient Funds,49,Regular,7,3,0,iOS,Ahmedabad,8,TX145409,Recovered,Recovered,60.0
1778.41,Debit Card,Limit Exceeded,31,Regular,11,4,0,iOS,Delhi,19,TX147345,Recovered,Recovered,82.0
105.48,Debit Card,Limit Exceeded,57,New,9,3,1,Android,Nagpur,8,TX118017,Recovered,Recovered,70.5
830.48,UPI,Network Error,49,Premium,10,3,0,Android,Jaipur,13,TX128677,Recovered,Recovered,85.0
571.75,UPI,Bank Error,47,Regular,2,0,3,Android,Jaipur,21,TX113854,Not Recovered,Not Recovered,33.0
668.35,Net Banking,Transaction Timeout,36,Regular,10,5,0,iOS,Hyderabad,22,TX143970,Recovered,Recovered,76.0
383.92,Debit Card,Limit Exceeded,56,New,14,4,0,iOS,Kolkata,2,TX102484,Recovered,Recovered,73.0
393.41,Net Banking,Limit Exceeded,44,New,13,5,0,iOS,Kolkata,8,TX127090,Recovered,Recovered,77.0
693.39,Credit Card,Card Expired,53,Regular,6,1,2,Android,Bangalore,22,TX120127,Recovered,Recovered,62.5
915.67,UPI,Card Expired,24,Regular,5,3,0,Android,Ahmedabad,11,TX102267,Not Recovered,Recovered,53.5
6015.86,Debit Card,Insufficient Funds,55,Regular,9,3,0,iOS,Mumbai,14,TX141222,Recovered,Recovered,70.5
216.75,Wallet,Network Error,32,Regular,10,4,1,Android,Bangalore,17,TX104268,Recovered,Recovered,74.0
162.92,Credit Card,Bank Error,56,New,7,2,1,iOS,Ahmedabad,18,TX109635,Not Recovered,Recovered,55.5
773.4,Net Banking,Bank Error,40,New,11,0,3,iOS,Bangalore,17,TX128524,Recovered,Recovered,63.5
770.25,Debit Card,Transaction Timeout,36,New,5,1,2,Android,Delhi,20,TX100897,Not Recovered,Not Recovered,33.0
577.29,UPI,Network Error,23,New,11,2,3,Web,Chennai,1,TX109082,Recovered,Recovered,64.0
546.15,UPI,Transaction Timeout,19,Premium,6,2,1,Web,Jaipur,14,TX117294,Not Recovered,Recovered,55.0
2701.38,UPI,Limit Exceeded,30,Premium,5,2,0,Android,Chennai,2,TX130124,Recovered,Recovered,53.0
1929.75,UPI,Limit Exceeded,42,Regular,2,2,3,Android,Ahmedabad,13,TX149715,Not Recovered,Not Recovered,28.0
442.76,UPI,Insufficient Funds,22,Premium,10,5,0,Android,Chennai,10,TX107213,Recovered,Recovered,70.0
983.66,Credit Card,Card Expired,56,New,10,2,0,Android,Ahmedabad,19,TX117392,Recovered,Recovered,75.0
2590.93,Credit Card,Limit Exceeded,38,Regular,5,2,0,Android,Pune,1,TX117002,Not Recovered,Recovered,50.5
1759.51,Credit Card,Network Error,30,Regular,9,1,2,Android,Mumbai,6,TX128156,Recovered,Recovered,82.5
2172.81,UPI,Transaction Timeout,25,New,5,0,2,Android,Ahmedabad,20,TX129030,Recovered,Not Recovered,35.5
1088.39,UPI,Bank Error,31,Regular,9,2,2,Android,Pune,5,TX100845,Recovered,Recovered,59.5
861.4,UPI,Bank Error,54,New,4,4,0,Android,Kolkata,2,TX133342,Not Recovered,Not Recovered,46.0
529.07,Debit Card,Bank Error,44,Regular,7,2,3,Android,Nagpur,14,TX129999,Not Recovered,Recovered,60.0
90.47,Debit Card,Insufficient Funds,51,New,8,4,1,Android,Delhi,2,TX134990,Recovered,Recovered,54.5
50.0,UPI,Transaction Timeout,35,Premium,8,1,3,Android,Kolkata,1,TX118405,Not Recovered,Not Recovered,37.0
944.64,UPI,Transaction Timeout,25,Regular,11,3,0,Android,Mumbai,19,TX140824,Recovered,Recovered,76.5
515.72,UPI,Limit Exceeded,32,Regular,11,0,2,Android,Nagpur,5,TX136983,Recovered,Recovered,76.0
1922.02,UPI,Card Expired,43,New,7,2,3,iOS,Pune,4,TX149601,Not Recovered,Not Recovered,43.5
912.58,UPI,Limit Exceeded,43,New,5,1,0,iOS,Jaipur,12,TX111264,Recovered,Recovered,59.0
570.53,UPI,Card Expired,38,Regular,3,4,0,Android,Kolkata,7,TX149613,Not Recovered,Not Recovered,30.0
548.01,Net Banking,Incorrect Details,53,Regular,12,0,2,Android,Mumbai,10,TX105318,Recovered,Recovered,85.0
3080.4,Credit Card,Transaction Timeout,52,Regular,5,2,2,Web,Delhi,18,TX118792,Recovered,Not Recovered,49.5
1112.38,Credit Card,Transaction Timeout,34,Premium,6,1,1,iOS,Jaipur,9,TX102425,Recovered,Recovered,58.5
1312.38,UPI,Bank Error,25,New,4,1,2,Android,Mumbai,18,TX100229,Not Recovered,Not Recovered,25.0
186.36,Net Banking,Transaction Timeout,36,New,10,5,0,iOS,Delhi,6,TX125598,Not Recovered,Recovered,81.5
2288.8,Net Banking,Transaction Timeout,34,Regular,3,3,2,Android,Mumbai,9,TX102262,Not Recovered,Not Recovered,28.5
3224.77,Net Banking,Bank Error,18,Regular,3,1,0,Android,Nagpur,21,TX119875,Not Recovered,Not Recovered,36.5
2099.12,Credit Card,Bank Error,25,Premium,10,2,0,Android,Nagpur,6,TX100764,Recovered,Recovered,83.5
2850.93,Credit Card,Bank Error,33,Premium,5,1,3,Android,Kolkata,21,TX111046,Not Recovered,Not Recovered,34.5
359.02,UPI,Network Error,23,New,5,2,0,iOS,Delhi,20,TX129607,Recovered,Recovered,52.0
1020.41,Credit Card,Bank Error,37,Regular,8,2,3,Android,Nagpur,3,TX139286,Recovered,Recovered,67.0
423.7,Wallet,Bank Error,58,New,9,4,3,iOS,Bangalore,15,TX134295,Recovered,Not Recovered,47.5
170.55,UPI,Incorrect Details,52,New,6,3,1,iOS,Mumbai,15,TX140648,Recovered,Recovered,53.5
2609.4,Credit Card,Limit Exceeded,51,New,5,1,3,iOS,Mumbai,17,TX100473,Not Recovered,Not Recovered,23.5
225.87,UPI,Incorrect Details,27,Premium,4,0,1,iOS,Kolkata,0,TX123927,Not Recovered,Not Recovered,44.5
457.05,UPI,Insufficient Funds,21,New,7,2,2,Android,Jaipur,3,TX102156,Recovered,Recovered,51.5
1685.35,UPI,Incorrect Details,24,Regular,8,4,3,Android,Jaipur,0,TX144803,Not Recovered,Recovered,62.5
4405.28,Credit Card,Transaction Timeout,25,New,12,0,3,Web,Kolkata,2,TX146459,Recovered,Recovered,70.0
228.17,Credit Card,Bank Error,21,Regular,8,1,1,iOS,Kolkata,3,TX123195,Recovered,Recovered,68.5
1053.89,UPI,Card Expired,43,New,4,3,2,Web,Chennai,14,TX121338,Not Recovered,Not Recovered,23.5
2024.87,Debit Card,Card Expired,49,Regular,11,1,2,Android,Ahmedabad,6,TX126095,Recovered,Recovered,82.0
918.61,Net Banking,Transaction Timeout,44,New,5,2,0,iOS,Pune,2,TX134497,Recovered,Recovered,59.0
249.95,UPI,Bank Error,39,New,9,1,0,Android,Bangalore,8,TX105309,Not Recovered,Recovered,93.5
839.65,Credit Card,Card Expired,32,New,10,2,1,Web,Chennai,4,TX129554,Recovered,Recovered,83.0
539.19,Credit Card,Transaction Timeout,34,Regular,6,1,0,Android,Mumbai,12,TX137912,Not Recovered,Recovered,63.5
588.79,Net Banking,Limit Exceeded,51,Regular,8,1,2,iOS,Chennai,17,TX123245,Recovered,Recovered,73.0
2273.86,UPI,Incorrect Details,58,Regular,5,2,1,Android,Hyderabad,22,TX138443,Recovered,Recovered,52.0
94.57,UPI,Incorrect Details,24,Regular,4,3,3,Android,Pune,8,TX149119,Not Recovered,Not Recovered,22.5
164.26,Net Banking,Transaction Timeout,56,Regular,11,0,0,Android,Mumbai,2,TX100502,Recovered,Recovered,84.0
1858.42,UPI,Incorrect Details,43,Premium,6,1,3,Android,Kolkata,12,TX108295,Recovered,Recovered,52.5
3695.18,Debit Card,Network Error,48,Regular,12,2,1,iOS,Pune,15,TX127445,Recovered,Recovered,79.5
974.69,UPI,Card Expired,19,Regular,8,2,2,Web,Delhi,8,TX112653,Not Recovered,Recovered,61.5
1662.36,Debit Card,Incorrect Details,54,Regular,8,3,2,Android,Nagpur,11,TX126029,Not Recovered,Recovered,65.0
1516.1,UPI,Insufficient Funds,37,Regular,11,2,2,Android,Pune,15,TX134376,Not Recovered,Recovered,72.5
488.87,Net Banking,Incorrect Details,40,New,10,2,0,iOS,Ahmedabad,5,TX118666,Recovered,Recovered,82.5
177.64,Credit Card,Transaction Timeout,25,Premium,5,2,0,Web,Ahmedabad,2,TX139446,Not Recovered,Recovered,60.0
1577.86,Credit Card,Network Error,58,New,3,0,3,Android,Mumbai,12,TX115720,Recovered,Not Recovered,32.0
625.99,Credit Card,Bank Error,28,Regular,8,1,0,iOS,Jaipur,19,TX101801,Recovered,Recovered,74.0
397.49,Credit Card,Limit Exceeded,25,Regular,9,0,1,Android,Jaipur,8,TX121150,Recovered,Recovered,88.0
415.81,UPI,Insufficient Funds,40,Regular,3,4,3,Android,Delhi,15,TX106573,Not Recovered,Not Recovered,15.0
329.57,Credit Card,Insufficient Funds,49,Regular,8,0,1,Android,Ahmedabad,11,TX123884,Recovered,Recovered,64.0
1710.43,Debit Card,Transaction Timeout,51,New,4,2,1,Android,Chennai,21,TX123836,Not Recovered,Not Recovered,39.5
2026.84,UPI,Network Error,58,Regular,4,2,1,Android,Chennai,1,TX116920,Not Recovered,Not Recovered,40.5
1169.82,UPI,Insufficient Funds,19,Regular,10,2,2,Android,Mumbai,10,TX102430,Recovered,Recovered,77.5
836.39,UPI,Limit Exceeded,49,New,6,2,0,Web,Chennai,18,TX142472,Not Recovered,Recovered,52.5
875.94,Wallet,Incorrect Details,28,New,9,0,1,iOS,Kolkata,13,TX145509,Recovered,Recovered,86.0
123.55,Credit Card,Transaction Timeout,47,New,5,5,1,Android,Nagpur,10,TX111669,Not Recovered,Not Recovered,37.5
2638.16,UPI,Network Error,58,Regular,7,0,0,iOS,Hyderabad,3,TX141101,Recovered,Recovered,62.5
1592.34,Debit Card,Bank Error,52,New,8,3,3,Web,Ahmedabad,10,TX140052,Not Recovered,Recovered,50.0
570.25,UPI,Incorrect Details,44,Regular,4,3,3,iOS,Jaipur,23,TX136632,Not Recovered,Not Recovered,25.5
981.38,UPI,Bank Error,46,Regular,3,1,0,Android,Jaipur,16,TX121920,Recovered,Not Recovered,42.0
1438.28,UPI,Limit Exceeded,48,Regular,9,3,0,Android,Chennai,15,TX149311,Recovered,Recovered,84.0
150.49,UPI,Bank Error,56,Regular,5,2,2,Android,Ahmedabad,0,TX142986,Not Recovered,Not Recovered,30.0
906.47,Credit Card,Limit Exceeded,52,New,8,0,2,Web,Chennai,5,TX112230,Recovered,Recovered,76.0
621.24,Debit Card,Network Error,57,Regular,7,2,1,iOS,Nagpur,17,TX108888,Recovered,Recovered,50.5
139.2,UPI,Network Error,54,Regular,6,3,3,Android,Pune,18,TX129106,Recovered,Not Recovered,39.0
1060.43,UPI,Transaction Timeout,27,Regular,8,2,2,Web,Ahmedabad,1,TX101574,Recovered,Recovered,57.5
488.23,UPI,Card Expired,53,New,4,0,3,iOS,Mumbai,15,TX101786,Recovered,Not Recovered,28.5
1067.92,UPI,Limit Exceeded,24,Premium,5,2,2,Android,Delhi,0,TX103138,Recovered,Not Recovered,36.0
781.0,Credit Card,Limit Exceeded,44,Regular,5,3,1,iOS,Chennai,5,TX101340,Not Recovered,Not Recovered,49.5
218.96,Wallet,Transaction Timeout,46,New,7,1,1,Android,Ahmedabad,17,TX116149,Not Recovered,Recovered,74.0
1962.77,Credit Card,Incorrect Details,49,Regular,6,2,3,Android,Ahmedabad,7,TX105305,Recovered,Recovered,67.0
641.73,UPI,Transaction Timeout,56,Regular,11,1,1,Android,Delhi,20,TX100072,Not Recovered,Recovered,70.5
750.4,Debit Card,Transaction Timeout,38,New,5,1,0,Android,Jaipur,5,TX111818,Recovered,Recovered,53.5
269.56,UPI,Network Error,52,Premium,4,6,0,Android,Delhi,4,TX117754,Not Recovered,Not Recovered,48.5
1075.2,Credit Card,Limit Exceeded,21,New,12,2,2,Android,Delhi,15,TX104672,Recovered,Recovered,75.0
714.38,Debit Card,Insufficient Funds,26,Regular,8,4,3,Android,Ahmedabad,9,TX132952,Not Recovered,Not Recovered,48.0
583.06,UPI,Network Error,28,Regular,3,4,0,Android,Delhi,2,TX122946,Not Recovered,Not Recovered,41.5
129.63,Credit Card,Insufficient Funds,41,Regular,3,3,1,iOS,Nagpur,15,TX112100,Not Recovered,Not Recovered,39.0
824.44,Debit Card,Transaction Timeout,37,New,6,1,1,iOS,Nagpur,21,TX133406,Not Recovered,Recovered,64.5
1315.63,UPI,Insufficient Funds,38,Regular,8,0,1,iOS,Hyderabad,6,TX103406,Recovered,Recovered,68.5
1285.61,UPI,Limit Exceeded,55,New,5,2,2,Android,Delhi,9,TX130891,Not Recovered,Not Recovered,31.0
373.44,Net Banking,Insufficient Funds,52,Premium,3,3,0,iOS,Kolkata,9,TX137985,Not Recovered,Not Recovered,43.5
601.07,Net Banking,Transaction Timeout,18,Regular,8,1,1,Web,Mumbai,19,TX104275,Recovered,Recovered,72.5
1022.95,UPI,Bank Error,26,Premium,4,2,0,Android,Ahmedabad,8,TX128081,Not Recovered,Not Recovered,43.5
625.5,Credit Card,Network Error,30,Premium,6,2,1,Web,Jaipur,4,TX132442,Recovered,Recovered,61.0
274.63,Credit Card,Limit Exceeded,54,Regular,10,3,0,Android,Bangalore,0,TX129786,Recovered,Recovered,79.0
709.97,UPI,Transaction Timeout,50,Regular,5,2,3,Android,Pune,14,TX135775,Recovered,Not Recovered,31.5
535.27,UPI,Network Error,34,Regular,9,4,1,Android,Delhi,1,TX134494,Recovered,Recovered,66.5
1333.11,UPI,Card Expired,20,Regular,8,1,0,Android,Ahmedabad,17,TX117963,Recovered,Recovered,64.5
379.65,Net Banking,Incorrect Details,33,New,11,0,3,Android,Pune,17,TX104349,Recovered,Recovered,79.5
498.53,UPI,Network Error,52,New,4,4,0,Web,Chennai,23,TX130607,Recovered,Not Recovered,44.5
1731.43,Debit Card,Incorrect Details,57,New,9,2,0,iOS,Nagpur,21,TX104035,Recovered,Recovered,77.0
627.06,UPI,Transaction Timeout,32,Regular,6,1,3,Android,Mumbai,20,TX140005,Not Recovered,Not Recovered,34.5
907.63,Wallet,Insufficient Funds,18,Regular,6,2,1,Android,Ahmedabad,3,TX130622,Recovered,Recovered,58.0
465.06,UPI,Network Error,36,Premium,4,3,2,Web,Bangalore,18,TX106251,Recovered,Not Recovered,32.0
729.24,UPI,Limit Exceeded,43,New,9,2,1,iOS,Mumbai,4,TX141847,Recovered,Recovered,74.5
761.69,Debit Card,Card Expired,30,New,3,3,0,Web,Jaipur,6,TX129396,Recovered,Not Recovered,34.0
708.39,Debit Card,Transaction Timeout,57,Regular,3,2,1,iOS,Nagpur,21,TX124085,Not Recovered,Not Recovered,48.5
1967.16,UPI,Card Expired,45,Premium,5,1,2,Android,Pune,18,TX147504,Not Recovered,Not Recovered,46.5
930.65,Credit Card,Network Error,20,Regular,3,5,3,iOS,Chennai,0,TX149175,Not Recovered,Not Recovered,28.5
1248.44,Debit Card,Transaction Timeout,52,Regular,4,0,2,Web,Jaipur,19,TX124735,Recovered,Not Recovered,40.5
210.58,UPI,Incorrect Details,42,Premium,7,0,0,Android,Nagpur,0,TX131519,Recovered,Recovered,65.5
408.57,Wallet,Incorrect Details,35,New,10,4,2,Web,Kolkata,3,TX122123,Recovered,Recovered,76.0
3180.14,UPI,Insufficient Funds,50,New,4,2,1,iOS,Kolkata,15,TX131159,Not Recovered,Recovered,50.5
1426.99,UPI,Limit Exceeded,47,Regular,6,3,0,Android,Jaipur,3,TX119812,Not Recovered,Recovered,54.5
437.74,UPI,Insufficient Funds,34,Premium,10,2,3,Android,Nagpur,18,TX134057,Recovered,Recovered,65.5
722.7,UPI,Incorrect Details,54,Regular,1,0,0,Android,Nagpur,21,TX125734,Recovered,Recovered,55.0
1168.47,UPI,Limit Exceeded,38,Premium,6,2,2,Android,Hyderabad,23,TX122689,Recovered,Recovered,54.5
1803.26,Wallet,Incorrect Details,54,Regular,8,3,2,iOS,Pune,9,TX121403,Recovered,Recovered,63.0
2061.6,UPI,Limit Exceeded,32,Regular,7,3,0,iOS,Ahmedabad,1,TX146208,Not Recovered,Recovered,67.5
969.8,UPI,Incorrect Details,56,New,10,1,0,Web,Delhi,9,TX123548,Recovered,Recovered,85.5
2509.15,Debit Card,Insufficient Funds,55,New,6,1,0,iOS,Kolkata,14,TX121749,Recovered,Recovered,75.0
92.18,UPI,Network Error,56,Premium,4,0,2,iOS,Mumbai,19,TX117476,Not Recovered,Not Recovered,46.5
1242.79,UPI,Incorrect Details,58,New,8,3,0,iOS,Mumbai,22,TX113527,Recovered,Recovered,66.5
50.0,Net Banking,Card Expired,54,Regular,7,1,0,iOS,Pune,1,TX135072,Recovered,Recovered,53.5
1012.0,UPI,Bank Error,32,Regular,7,0,2,iOS,Chennai,2,TX149100,Not Recovered,Recovered,60.0
128.61,UPI,Incorrect Details,40,Premium,7,2,1,Web,Ahmedabad,1,TX102149,Not Recovered,Recovered,50.5
5795.82,Debit Card,Transaction Timeout,21,Premium,2,2,0,Android,Kolkata,16,TX116806,Not Recovered,Not Recovered,37.5
686.82,Credit Card,Insufficient Funds,53,New,6,0,0,Android,Delhi,4,TX124766,Recovered,Recovered,58.0
630.25,UPI,Card Expired,48,Regular,5,4,1,Android,Chennai,19,TX145942,Not Recovered,Recovered,59.5
411.27,Credit Card,Incorrect Details,38,New,2,1,3,Android,Hyderabad,22,TX137702,Not Recovered,Not Recovered,26.0
3026.97,Debit Card,Card Expired,44,Regular,14,1,0,Android,Nagpur,21,TX109974,Recovered,Recovered,81.5
1012.42,Debit Card,Limit Exceeded,34,New,13,3,0,iOS,Bangalore,14,TX102526,Recovered,Recovered,82.5
4891.3,Debit Card,Card Expired,44,Regular,4,2,0,Android,Mumbai,23,TX149006,Not Recovered,Recovered,61.5
324.14,UPI,Insufficient Funds,36,New,5,3,2,Web,Delhi,9,TX102920,Not Recovered,Not Recovered,28.0
307.16,UPI,Limit Exceeded,29,Regular,3,2,1,Android,Delhi,3,TX134005,Recovered,Not Recovered,34.5
501.21,UPI,Limit Exceeded,50,New,4,4,2,iOS,Pune,19,TX133235,Recovered,Not Recovered,24.0
1537.46,Debit Card,Incorrect Details,42,Regular,9,2,2,Android,Jaipur,19,TX125398,Recovered,Recovered,71.0
1739.42,Debit Card,Insufficient Funds,43,Regular,12,3,1,Android,Chennai,0,TX149422,Recovered,Recovered,80.5
972.31,Credit Card,Insufficient Funds,54,Regular,7,5,1,Web,Bangalore,13,TX149799,Recovered,Not Recovered,34.0
3864.65,Credit Card,Limit Exceeded,20,Premium,4,3,1,iOS,Mumbai,22,TX139847,Not Recovered,Not Recovered,44.5
3942.86,UPI,Bank Error,39,New,5,0,1,Android,Chennai,20,TX116654,Recovered,Not Recovered,49.5
438.98,UPI,Limit Exceeded,50,Regular,9,3,0,Android,Delhi,21,TX123177,Recovered,Recovered,88.0
900.23,UPI,Card Expired,37,Regular,7,0,3,Android,Ahmedabad,12,TX134944,Recovered,Recovered,55.5
1897.17,Wallet,Transaction Timeout,39,Regular,6,1,0,Web,Ahmedabad,4,TX108597,Recovered,Recovered,56.5
3539.21,UPI,Incorrect Details,20,New,7,1,3,iOS,Hyderabad,17,TX121018,Not Recovered,Recovered,58.0
224.81,Net Banking,Transaction Timeout,33,Regular,13,0,3,Android,Hyderabad,13,TX121414,Recovered,Recovered,83.0
1898.86,Debit Card,Card Expired,18,New,4,2,1,Web,Hyderabad,11,TX100701,Not Recovered,Not Recovered,45.5
834.22,UPI,Network Error,25,New,8,1,0,Android,Pune,1,TX145797,Recovered,Recovered,65.5
928.85,UPI,Incorrect Details,43,Regular,8,3,3,iOS,Hyderabad,21,TX114264,Recovered,Not Recovered,49.0
156.97,UPI,Network Error,33,New,10,0,1,iOS,Ahmedabad,18,TX125393,Recovered,Recovered,83.5
147.56,UPI,Limit Exceeded,39,New,4,3,1,Web,Jaipur,2,TX110238,Not Recovered,Not Recovered,33.5
1040.54,Credit Card,Incorrect Details,42,Regular,2,2,3,Android,Bangalore,17,TX145440,Not Recovered,Not Recovered,33.5
495.49,UPI,Transaction Timeout,18,New,10,1,1,Android,Hyderabad,5,TX104968,Recovered,Recovered,71.0
2325.53,UPI,Limit Exceeded,29,New,5,2,1,Android,Hyderabad,5,TX141436,Not Recovered,Recovered,53.0
1106.73,Debit Card,Transaction Timeout,40,Regular,6,0,0,iOS,Ahmedabad,9,TX141533,Recovered,Recovered,60.5
201.19,Net Banking,Limit Exceeded,40,New,7,2,2,iOS,Chennai,0,TX141336,Recovered,Recovered,73.5
2325.24,UPI,Network Error,57,Regular,10,3,3,Android,Nagpur,17,TX120108,Not Recovered,Recovered,59.0
745.93,Debit Card,Network Error,32,Regular,9,0,3,Android,Pune,7,TX143920,Recovered,Recovered,75.5
377.54,Credit Card,Transaction Timeout,22,Premium,9,2,1,Android,Hyderabad,20,TX135383,Recovered,Recovered,81.5
442.54,Net Banking,Transaction Timeout,55,New,9,2,2,iOS,Delhi,8,TX105143,Recovered,Recovered,76.5
1318.76,UPI,Limit Exceeded,58,Regular,8,2,0,Android,Mumbai,5,TX106784,Not Recovered,Recovered,79.0
4452.36,Net Banking,Incorrect Details,56,Regular,6,2,2,Android,Jaipur,19,TX101800,Not Recovered,Recovered,58.0
872.64,Credit Card,Insufficient Funds,42,Regular,4,0,2,iOS,Delhi,6,TX148865,Not Recovered,Not Recovered,45.5
327.6,Credit Card,Network Error,54,Regular,5,1,1,Web,Chennai,13,TX138989,Not Recovered,Not Recovered,42.0
1389.95,Credit Card,Card Expired,33,Regular,5,1,1,Android,Ahmedabad,23,TX115345,Not Recovered,Not Recovered,33.0
2663.77,Credit Card,Network Error,28,New,7,2,3,iOS,Jaipur,19,TX132823,Recovered,Not Recovered,46.0
1316.94,UPI,Card Expired,29,Regular,10,3,2,iOS,Kolkata,2,TX126079,Recovered,Recovered,57.0
289.82,UPI,Bank Error,29,New,7,1,0,Android,Ahmedabad,17,TX139085,Recovered,Recovered,69.0
498.62,Debit Card,Network Error,52,Regular,6,1,3,Android,Bangalore,5,TX108434,Not Recovered,Not Recovered,48.0
1099.8,UPI,Incorrect Details,24,Regular,4,2,3,Android,Kolkata,3,TX125753,Not Recovered,Not Recovered,23.0
1838.73,Wallet,Insufficient Funds,20,Regular,6,1,2,Web,Bangalore,19,TX114754,Not Recovered,Recovered,52.5
1196.4,Wallet,Incorrect Details,38,Regular,4,3,1,Android,Hyderabad,1,TX132925,Recovered,Not Recovered,35.5
1562.25,Net Banking,Incorrect Details,28,New,6,0,1,Android,Pune,15,TX137843,Recovered,Recovered,59.0
174.0,Debit Card,Bank Error,48,Regular,11,1,0,Android,Pune,9,TX114555,Recovered,Recovered,88.0
978.57,Debit Card,Transaction Timeout,35,Regular,9,2,2,iOS,Chennai,6,TX133273,Recovered,Recovered,60.5
2407.4,Credit Card,Incorrect Details,48,Regular,6,4,1,iOS,Pune,6,TX126012,Not Recovered,Recovered,54.5
437.98,UPI,Insufficient Funds,21,New,1,3,2,Android,Nagpur,7,TX141113,Not Recovered,Not Recovered,25.5
607.18,Debit Card,Bank Error,42,Premium,7,5,2,Android,Pune,3,TX132848,Recovered,Not Recovered,37.5
530.92,Credit Card,Transaction Timeout,34,Regular,6,1,2,Web,Mumbai,2,TX148275,Recovered,Not Recovered,41.0
580.99,Net Banking,Incorrect Details,40,Regular,2,1,2,Android,Delhi,21,TX132829,Not Recovered,Not Recovered,30.5
201.62,Credit Card,Network Error,58,Regular,6,3,1,Web,Pune,13,TX138577,Recovered,Recovered,52.5
1112.16,Credit Card,Insufficient Funds,34,Regular,5,3,1,Web,Hyderabad,5,TX104475,Not Recovered,Not Recovered,39.5
3667.27,UPI,Bank Error,29,Regular,9,1,0,Android,Ahmedabad,3,TX141514,Recovered,Recovered,81.0
1566.57,Credit Card,Limit Exceeded,39,New,4,7,0,Android,Kolkata,17,TX139746,Not Recovered,Not Recovered,45.5
9193.84,Debit Card,Bank Error,25,Regular,7,3,1,iOS,Chennai,17,TX126628,Recovered,Not Recovered,41.0
155.2,UPI,Network Error,26,Regular,4,0,2,Android,Nagpur,17,TX117468,Recovered,Not Recovered,40.0
478.87,Credit Card,Limit Exceeded,55,Regular,8,2,0,iOS,Kolkata,3,TX117421,Not Recovered,Recovered,71.0
1279.49,Debit Card,Card Expired,34,New,6,4,2,Android,Ahmedabad,20,TX138272,Recovered,Not Recovered,40.0
4303.7,UPI,Insufficient Funds,58,Regular,10,2,3,iOS,Chennai,8,TX117354,Recovered,Recovered,53.5
1373.95,Credit Card,Insufficient Funds,52,Regular,6,4,1,Web,Hyderabad,14,TX138662,Recovered,Not Recovered,41.0
512.07,UPI,Insufficient Funds,52,New,8,1,2,Android,Kolkata,15,TX126454,Recovered,Recovered,74.5
115.58,Net Banking,Network Error,48,Regular,5,1,2,Web,Kolkata,13,TX140558,Recovered,Not Recovered,43.0
959.13,UPI,Network Error,19,Premium,4,3,1,Web,Ahmedabad,19,TX145776,Recovered,Not Recovered,35.5
169.92,UPI,Bank Error,29,Premium,7,1,0,Web,Kolkata,23,TX110064,Recovered,Recovered,61.5
3507.67,UPI,Card Expired,27,New,9,2,3,Web,Kolkata,16,TX118787,Recovered,Recovered,61.0
2356.2,UPI,Card Expired,31,New,5,2,3,Android,Hyderabad,1,TX125418,Not Recovered,Not Recovered,36.0
3794.36,UPI,Bank Error,39,New,7,3,2,iOS,Bangalore,3,TX126578,Not Recovered,Not Recovered,42.5
1773.43,Debit Card,Insufficient Funds,32,Regular,2,0,0,iOS,Ahmedabad,19,TX134803,Not Recovered,Not Recovered,49.5
411.6,UPI,Limit Exceeded,29,Regular,4,1,2,iOS,Ahmedabad,0,TX121122,Recovered,Not Recovered,30.5
1726.23,Debit Card,Limit Exceeded,46,Premium,4,4,1,Android,Bangalore,9,TX123133,Not Recovered,Not Recovered,36.5
182.22,Credit Card,Card Expired,27,Premium,6,2,3,Web,Bangalore,16,TX132812,Not Recovered,Not Recovered,46.5
55.82,Credit Card,Network Error,34,Regular,6,1,1,Android,Delhi,22,TX130441,Recovered,Not Recovered,47.0
2168.95,Debit Card,Insufficient Funds,59,New,5,1,2,iOS,Chennai,7,TX132040,Recovered,Not Recovered,34.5
898.27,UPI,Transaction Timeout,53,Regular,3,0,3,Web,Mumbai,18,TX126466,Recovered,Not Recovered,40.5
58.19,Credit Card,Insufficient Funds,28,New,4,2,0,iOS,Hyderabad,1,TX134824,Recovered,Recovered,50.5
633.2,UPI,Limit Exceeded,36,New,7,3,3,Android,Mumbai,21,TX132168,Not Recovered,Not Recovered,39.0
512.61,UPI,Limit Exceeded,19,New,8,1,2,iOS,Delhi,10,TX143763,Recovered,Recovered,71.5
212.02,Credit Card,Insufficient Funds,58,Premium,10,3,3,iOS,Chennai,21,TX106096,Recovered,Recovered,59.0
1099.38,Net Banking,Insufficient Funds,43,New,11,0,0,Android,Mumbai,2,TX106032,Recovered,Recovered,83.0
233.07,Net Banking,Network Error,31,Regular,4,2,3,Web,Chennai,1,TX124758,Recovered,Not Recovered,29.0
503.38,UPI,Insufficient Funds,38,Regular,8,2,3,Android,Mumbai,19,TX128698,Recovered,Recovered,57.0
121.67,Wallet,Card Expired,55,Regular,8,1,0,Web,Nagpur,6,TX142514,Recovered,Recovered,69.5
672.75,Wallet,Insufficient Funds,48,Regular,6,5,1,Web,Mumbai,16,TX111277,Not Recovered,Not Recovered,41.0
2981.61,Wallet,Limit Exceeded,38,New,9,1,3,iOS,Jaipur,23,TX138363,Recovered,Recovered,55.5
390.43,Net Banking,Limit Exceeded,18,Regular,6,3,1,Android,Delhi,17,TX147665,Recovered,Not Recovered,47.0
2075.17,Credit Card,Bank Error,31,New,9,3,3,Android,Hyderabad,7,TX131378,Recovered,Recovered,50.5
2348.33,Debit Card,Bank Error,42,Premium,8,2,1,Web,Delhi,1,TX135647,Recovered,Recovered,69.0
815.62,Debit Card,Bank Error,47,Regular,4,3,3,iOS,Hyderabad,14,TX109785,Recovered,Not Recovered,27.5
704.03,UPI,Limit Exceeded,35,Premium,8,1,0,Android,Pune,22,TX124500,Recovered,Recovered,82.5
732.93,UPI,Limit Exceeded,38,Regular,11,2,1,Web,Hyderabad,16,TX147745,Recovered,Recovered,81.0
332.35,UPI,Incorrect Details,47,Regular,8,0,1,iOS,Mumbai,23,TX108745,Not Recovered,Recovered,70.5
383.99,Debit Card,Card Expired,34,Regular,4,0,1,Web,Nagpur,20,TX123916,Not Recovered,Not Recovered,35.5
2300.63,Credit Card,Transaction Timeout,52,Regular,10,2,2,Web,Hyderabad,18,TX117224,Recovered,Recovered,71.0
2884.03,Debit Card,Transaction Timeout,30,Regular,5,0,1,iOS,Jaipur,17,TX136610,Recovered,Recovered,63.0
184.14,UPI,Transaction Timeout,51,New,5,2,3,iOS,Mumbai,21,TX146441,Not Recovered,Not Recovered,33.0
454.97,Credit Card,Network Error,28,New,9,1,0,iOS,Jaipur,2,TX142583,Recovered,Recovered,82.5
155.21,UPI,Transaction Timeout,27,Regular,11,3,3,Web,Delhi,20,TX146521,Recovered,Recovered,61.0
391.6,Credit Card,Network Error,20,Premium,10,1,3,Web,Bangalore,10,TX110678,Recovered,Recovered,73.5
3251.95,Wallet,Incorrect Details,44,Regular,10,2,1,Android,Jaipur,14,TX129670,Recovered,Recovered,80.5
231.22,UPI,Network Error,20,Regular,4,1,0,iOS,Mumbai,22,TX124498,Recovered,Recovered,66.0
101.61,UPI,Incorrect Details,35,Regular,4,3,0,Android,Bangalore,7,TX122220,Recovered,Not Recovered,41.0
99.66,Wallet,Bank Error,21,New,6,1,2,iOS,Nagpur,17,TX140160,Recovered,Not Recovered,42.0
1501.9,UPI,Transaction Timeout,26,Regular,6,2,2,Web,Kolkata,17,TX144283,Recovered,Recovered,55.5
1553.34,Net Banking,Bank Error,19,New,11,5,1,Android,Jaipur,13,TX134122,Recovered,Recovered,58.5
458.03,UPI,Limit Exceeded,41,Regular,11,3,2,iOS,Delhi,5,TX113056,Recovered,Recovered,73.0
836.34,UPI,Bank Error,59,Regular,4,1,3,Android,Nagpur,18,TX124485,Not Recovered,Not Recovered,43.5
439.74,UPI,Bank Error,20,Regular,6,0,0,iOS,Jaipur,22,TX113857,Not Recovered,Recovered,77.5
430.26,UPI,Card Expired,32,New,10,4,1,Android,Ahmedabad,8,TX127834,Recovered,Recovered,72.0
706.25,UPI,Network Error,31,Regular,8,4,3,Android,Delhi,12,TX112585,Recovered,Recovered,52.0
3423.54,UPI,Network Error,42,Regular,4,2,2,Android,Chennai,9,TX141287,Not Recovered,Not Recovered,46.0
847.65,Credit Card,Insufficient Funds,29,Regular,4,4,2,Android,Hyderabad,14,TX114818,Not Recovered,Not Recovered,38.5
166.22,Debit Card,Transaction Timeout,50,New,7,3,0,iOS,Mumbai,16,TX143621,Recovered,Recovered,61.0
913.22,Net Banking,Limit Exceeded,58,Regular,3,1,0,iOS,Jaipur,13,TX146333,Recovered,Not Recovered,49.5
196.3,Wallet,Transaction Timeout,38,New,7,4,1,iOS,Pune,5,TX127906,Recovered,Recovered,57.0
216.27,UPI,Card Expired,27,Regular,6,0,1,Web,Bangalore,13,TX127192,Recovered,Not Recovered,48.0
813.63,Debit Card,Network Error,43,Regular,11,2,1,Android,Mumbai,12,TX131478,Recovered,Recovered,82.0
571.13,UPI,Bank Error,22,Premium,9,2,2,Web,Chennai,21,TX117729,Not Recovered,Recovered,56.5
3811.18,Credit Card,Bank Error,50,Premium,3,5,0,iOS,Pune,1,TX141425,Not Recovered,Not Recovered,42.0
509.61,Debit Card,Network Error,41,Premium,5,4,3,iOS,Pune,23,TX134815,Not Recovered,Not Recovered,42.5
519.2,Net Banking,Limit Exceeded,32,New,2,1,3,Android,Chennai,19,TX113763,Recovered,Not Recovered,34.0
1112.26,UPI,Card Expired,35,Regular,6,0,2,Android,Bangalore,14,TX124223,Not Recovered,Recovered,54.5
403.34,Debit Card,Transaction Timeout,26,Regular,11,3,3,Android,Kolkata,7,TX122056,Not Recovered,Recovered,72.5
1492.51,Credit Card,Bank Error,58,Regular,8,1,1,Web,Hyderabad,2,TX147780,Recovered,Recovered,74.0
3402.43,UPI,Bank Error,35,Regular,2,2,0,iOS,Ahmedabad,14,TX122078,Not Recovered,Not Recovered,32.0
197.61,Debit Card,Card Expired,19,New,6,4,2,Android,Mumbai,10,TX117774,Recovered,Not Recovered,39.0
320.42,UPI,Network Error,18,New,10,2,1,iOS,Delhi,18,TX100230,Recovered,Recovered,78.5
1093.87,Credit Card,Card Expired,53,Regular,7,2,0,Web,Chennai,9,TX141037,Not Recovered,Recovered,63.0
150.32,Debit Card,Transaction Timeout,29,Regular,7,0,1,Web,Delhi,9,TX139306,Not Recovered,Recovered,54.0
784.77,Net Banking,Limit Exceeded,58,Regular,9,3,1,Android,Nagpur,11,TX112910,Not Recovered,Recovered,63.0
485.39,Wallet,Insufficient Funds,45,Regular,5,0,2,Web,Pune,5,TX131619,Recovered,Not Recovered,48.5
371.27,Debit Card,Transaction Timeout,23,New,9,4,0,Android,Mumbai,8,TX101433,Recovered,Recovered,59.0
191.25,Debit Card,Bank Error,41,Regular,7,2,1,iOS,Delhi,10,TX112578,Not Recovered,Recovered,56.5
217.9,Net Banking,Limit Exceeded,55,Regular,11,3,1,Android,Nagpur,2,TX149844,Recovered,Recovered,74.5
391.07,Credit Card,Network Error,35,Premium,9,0,3,iOS,Bangalore,15,TX135447,Not Recovered,Recovered,65.0
51.68,Debit Card,Limit Exceeded,29,Regular,6,2,1,Web,Kolkata,10,TX145827,Recovered,Not Recovered,49.0
1354.54,UPI,Transaction Timeout,43,New,10,3,1,Web,Pune,22,TX128707,Recovered,Recovered,69.0
570.03,Debit Card,Insufficient Funds,41,Regular,6,1,3,Web,Ahmedabad,9,TX141617,Not Recovered,Not Recovered,49.0
636.28,UPI,Limit Exceeded,40,Premium,9,0,2,iOS,Bangalore,13,TX105657,Recovered,Recovered,68.0
931.31,Credit Card,Limit Exceeded,38,New,6,1,2,Android,Pune,18,TX126218,Recovered,Recovered,59.0
697.55,Debit Card,Insufficient Funds,20,New,5,3,3,Web,Kolkata,12,TX138655,Recovered,Not Recovered,36.5
831.32,Wallet,Insufficient Funds,39,New,6,2,3,iOS,Ahmedabad,19,TX112857,Not Recovered,Recovered,51.5
156.74,Credit Card,Transaction Timeout,25,New,10,5,2,Android,Chennai,3,TX114699,Not Recovered,Recovered,66.5
1560.04,Net Banking,Transaction Timeout,40,Premium,4,0,2,Web,Ahmedabad,8,TX104566,Recovered,Not Recovered,34.0
386.44,UPI,Limit Exceeded,49,Premium,15,2,3,iOS,Delhi,7,TX134017,Recovered,Recovered,75.5
606.79,UPI,Insufficient Funds,59,New,7,1,0,Android,Nagpur,9,TX128414,Recovered,Recovered,76.0
50.0,Debit Card,Card Expired,32,Regular,2,4,1,Android,Delhi,16,TX122830,Not Recovered,Not Recovered,26.5
231.58,UPI,Transaction Timeout,36,New,9,4,3,Web,Chennai,1,TX104296,Recovered,Not Recovered,48.5
320.29,Debit Card,Incorrect Details,28,Regular,3,1,3,Web,Delhi,3,TX131199,Not Recovered,Not Recovered,27.0
2679.68,UPI,Incorrect Details,35,Regular,8,0,0,Android,Jaipur,5,TX103896,Recovered,Recovered,79.0
50.0,Debit Card,Card Expired,36,New,8,2,3,iOS,Kolkata,7,TX131791,Not Recovered,Not Recovered,46.0
671.42,Debit Card,Bank Error,20,Regular,8,1,2,iOS,Bangalore,6,TX110419,Recovered,Recovered,52.0
172.33,Credit Card,Bank Error,32,Regular,10,0,2,iOS,Hyderabad,2,TX141013,Recovered,Recovered,70.5
464.08,Credit Card,Network Error,43,New,7,2,1,Web,Nagpur,20,TX125811,Not Recovered,Recovered,64.0
53.43,UPI,Card Expired,35,New,6,3,3,Android,Delhi,12,TX109285,Not Recovered,Not Recovered,32.0
3265.99,Credit Card,Network Error,49,Regular,11,6,3,iOS,Pune,9,TX138150,Recovered,Recovered,53.0
234.12,UPI,Network Error,57,Regular,11,2,0,Android,Pune,17,TX114252,Recovered,Recovered,84.0
160.48,Credit Card,Limit Exceeded,45,Regular,9,3,3,iOS,Bangalore,0,TX101406,Recovered,Recovered,55.5
845.6,UPI,Insufficient Funds,23,Regular,4,3,0,Android,Ahmedabad,20,TX126225,Not Recovered,Recovered,53.0
605.53,UPI,Bank Error,49,Regular,7,0,0,Web,Jaipur,17,TX108558,Recovered,Recovered,69.0
1202.94,Debit Card,Network Error,43,New,10,4,2,iOS,Chennai,4,TX101499,Recovered,Recovered,65.5
146.8,Net Banking,Bank Error,31,New,4,3,1,Android,Kolkata,7,TX117683,Not Recovered,Not Recovered,41.5
61.03,UPI,Bank Error,37,New,9,2,2,Web,Kolkata,9,TX142441,Not Recovered,Recovered,60.5
361.69,Credit Card,Network Error,20,Regular,8,3,3,Android,Ahmedabad,8,TX129568,Recovered,Recovered,55.5
215.73,Wallet,Bank Error,42,Regular,5,2,2,Android,Kolkata,2,TX116510,Recovered,Not Recovered,47.0
3543.47,UPI,Insufficient Funds,58,Regular,9,3,2,Android,Chennai,4,TX128315,Recovered,Recovered,65.5
859.79,Wallet,Network Error,52,Regular,4,3,2,Android,Delhi,22,TX113855,Not Recovered,Not Recovered,27.0
7016.14,Credit Card,Insufficient Funds,20,Regular,4,1,1,Android,Hyderabad,8,TX145820,Not Recovered,Recovered,55.0
1501.2,Credit Card,Transaction Timeout,56,Regular,7,1,2,Web,Hyderabad,5,TX146551,Not Recovered,Recovered,57.5
824.0,Net Banking,Incorrect Details,24,New,2,1,0,iOS,Delhi,21,TX108901,Not Recovered,Not Recovered,37.0
256.19,Credit Card,Insufficient Funds,32,New,5,4,0,iOS,Hyderabad,4,TX142424,Recovered,Not Recovered,48.0
465.77,Net Banking,Transaction Timeout,22,Regular,4,2,0,Android,Hyderabad,21,TX119297,Recovered,Recovered,56.5
472.07,Debit Card,Insufficient Funds,53,New,4,2,3,iOS,Bangalore,15,TX104179,Not Recovered,Not Recovered,31.5
103.59,Debit Card,Transaction Timeout,55,New,6,2,0,iOS,Delhi,0,TX133169,Recovered,Recovered,57.0
335.65,UPI,Network Error,46,Regular,4,1,1,Android,Mumbai,23,TX145295,Not Recovered,Recovered,59.0
112.59,UPI,Insufficient Funds,44,Regular,11,3,0,Android,Bangalore,13,TX102358,Recovered,Recovered,79.0
771.26,UPI,Insufficient Funds,23,New,3,3,1,Android,Kolkata,5,TX137890,Not Recovered,Not Recovered,26.5
58.49,Credit Card,Card Expired,43,Regular,9,1,2,Web,Pune,10,TX115300,Not Recovered,Recovered,72.5
635.08,UPI,Bank Error,42,New,10,2,0,Android,Kolkata,4,TX137226,Recovered,Recovered,80.5
849.76,Credit Card,Limit Exceeded,26,Regular,7,2,0,Web,Ahmedabad,18,TX107323,Recovered,Recovered,69.0
447.25,Net Banking,Transaction Timeout,50,Regular,8,3,3,Web,Delhi,3,TX127817,Not Recovered,Recovered,68.5
423.95,Credit Card,Insufficient Funds,59,Regular,9,3,2,Web,Bangalore,21,TX144132,Recovered,Recovered,67.5
962.24,UPI,Transaction Timeout,25,New,5,2,2,Android,Bangalore,13,TX109369,Not Recovered,Not Recovered,44.0
3649.02,UPI,Incorrect Details,39,New,6,2,1,iOS,Ahmedabad,14,TX101451,Recovered,Recovered,61.0
762.61,Credit Card,Limit Exceeded,47,Regular,9,2,3,Web,Jaipur,12,TX112666,Recovered,Recovered,70.0
1344.52,Net Banking,Network Error,20,Regular,16,3,1,Android,Hyderabad,15,TX117628,Recovered,Recovered,70.5
111.45,Credit Card,Card Expired,47,Regular,3,2,0,Web,Delhi,15,TX136273,Not Recovered,Not Recovered,38.5
184.13,Wallet,Bank Error,33,Regular,4,2,1,iOS,Mumbai,10,TX113897,Recovered,Not Recovered,41.0
218.09,UPI,Network Error,51,Premium,8,1,2,Android,Bangalore,1,TX138783,Recovered,Recovered,60.5
515.37,Credit Card,Card Expired,30,New,4,2,1,iOS,Chennai,5,TX135003,Recovered,Not Recovered,42.5
8615.32,UPI,Insufficient Funds,43,New,10,3,1,Android,Ahmedabad,15,TX119031,Recovered,Recovered,70.0
399.79,Net Banking,Network Error,21,Premium,14,1,3,iOS,Jaipur,20,TX144211,Recovered,Recovered,72.0
481.58,UPI,Card Expired,20,Regular,8,2,0,Android,Pune,1,TX130121,Recovered,Recovered,72.0
1055.81,UPI,Network Error,57,New,7,1,2,Android,Mumbai,22,TX138362,Recovered,Not Recovered,48.5
2472.23,Wallet,Bank Error,18,New,6,2,3,iOS,Chennai,10,TX143022,Not Recovered,Not Recovered,49.5
1752.19,Credit Card,Transaction Timeout,54,Regular,7,3,0,Android,Pune,6,TX122299,Not Recovered,Recovered,71.5
168.15,Wallet,Limit Exceeded,37,New,10,2,0,Android,Jaipur,3,TX111975,Recovered,Recovered,83.5
522.84,UPI,Transaction Timeout,32,Regular,4,1,1,Android,Hyderabad,0,TX124010,Not Recovered,Not Recovered,48.0
697.77,UPI,Limit Exceeded,32,Regular,6,4,2,Android,Ahmedabad,1,TX118898,Not Recovered,Not Recovered,25.0
740.43,UPI,Limit Exceeded,59,Premium,5,4,0,iOS,Ahmedabad,6,TX109098,Not Recovered,Recovered,62.5
375.22,UPI,Transaction Timeout,59,Regular,4,3,1,iOS,Kolkata,1,TX116013,Recovered,Not Recovered,46.5
358.69,Debit Card,Limit Exceeded,39,Regular,3,4,3,Android,Hyderabad,4,TX139784,Not Recovered,Not Recovered,28.5
189.9,UPI,Transaction Timeout,25,New,9,1,3,Android,Nagpur,19,TX106666,Recovered,Recovered,54.0
666.74,Credit Card,Limit Exceeded,48,Regular,7,0,0,iOS,Jaipur,13,TX135855,Recovered,Recovered,70.5
267.12,UPI,Bank Error,50,Regular,9,2,0,Web,Delhi,16,TX132318,Recovered,Recovered,81.0
615.67,UPI,Limit Exceeded,49,Regular,11,1,0,iOS,Delhi,1,TX112380,Recovered,Recovered,88.0
115.31,Net Banking,Network Error,52,Regular,7,2,1,iOS,Mumbai,19,TX105924,Recovered,Recovered,64.5
848.85,Debit Card,Incorrect Details,50,Regular,9,2,1,iOS,Bangalore,5,TX130134,Recovered,Recovered,66.5
6626.94,UPI,Bank Error,44,Regular,9,2,0,Android,Ahmedabad,23,TX100822,Recovered,Recovered,77.0
3834.99,Debit Card,Incorrect Details,24,Regular,7,3,3,iOS,Hyderabad,23,TX128050,Not Recovered,Not Recovered,48.5
1964.51,Debit Card,Card Expired,31,Regular,6,2,3,Android,Ahmedabad,0,TX106190,Recovered,Not Recovered,33.0
816.6,Net Banking,Network Error,58,Regular,4,4,0,Android,Nagpur,21,TX139925,Recovered,Not Recovered,47.0
